"","text"
"1"," kurangnya komunikasi  mahasiswa  dosen"
"2","        memahami    dosen"
"3","       efektif     penyampaian   guru  dosen kadang suka    jelas"
"4","  tugas  "
"5","karna   pbm tatap      pbm "
"6"," memiliki kelamhan  kelebihannya    metode    terkendala  jaringan   tinggal  kampung"
"7","   etika  menghargai guru  metode konvensional"
"8","terkadang    jarak     fokus   pertemuan     sekedar isi absen   pekerjaan rumah  bertabrakan  kuliah "
"9","jujur"
"10","  setuju       efektif  kebanyakan guru  dosen  membebankan tugas    mahasiswanya  tugas            paham"
"11","  setuju         ajarkan dosen     pas ujian"
"12","  baiknya      offline  fokus  menerima     pemahaman    offline"
"13","  setuju        tatap      efektif  jarang  mahasiswa mengalami kesulitan    berkonsultasi langsung  dosen    tugas kelompok   berdiskusi  langsung  mempraktekan langsung  rekan   jarang  menghambat "
"14","  setuju     seringkali   kuliah kebanyakan mahasiswa  sekedar  perkuliahan  memperhatikan     dosen    tidur  meninggalkan handphonenya   pelajaran   sekedar absen   dibandingkan   tatap    efektif  mahasiswa   bertemu langsung   metode    menarik  membosankan"
"15"," konsentrasi  gangguan jaringan  memahami  efisien"
"16","     lama cukup membosankan    berinteraksi langsung  dosen  temanteman"
"17","    masingmasing memiliki kekurangan  kelebihan   kelebihan  daring    dimanapun    kampus   menghemat biaya  kekuranganya     jaringan   stabil  mengganggu proses "
"18","   efektif  efisien"
"19","    terpenuhi       hp android    daerah  domisili    jangkau jaringan internet  kebanyakan   passif "
"20","karna  paham pembahasan  "
"21","  setuju  metode      efisien   kendala salah satunya  jaringan"
"22"," tatap   efektif dibanding      tatap  penyampaian informasi  transfer ilmu  efektif   transfer emosional  "
"23","        nilai nilai kebiasaan      "
"24","metode tatap    efektif metode       mudah stres sulit fokus     sulit   tugas   sulit mengembangkan nilainilai karakter  kecakapan  sebagain  aktivitas    rumah    interaksi  alami   kampus"
"25","ditinjau   faktor salah satunya   kondisi lingkungan     mendukung    mendukung maksdnya   sinyal  membantu proses  daring       menggangu konsentrasi faktor      pelajar    konsentrasi    dukung  suasana  maksdnya      bertemu langsung   ketiga     berkaitan  proses  maka  daya penasaran  daya tarik terhadapa   dipelajari   berkurang     kontak  langsung  pelajar  dosen    berkaitan  proses  "
"26"," maksimal  membahas  ajar"
"27"," daring  efektif     pandemi  jam kuliah  kadang diluar  seharusnyamalam     daerah  susah sinyal  mengikuti praktikum terkendala"
"28","lebif efektif tatap    fokus  jelas"
"29","metodenya    efektif  efesien  interaksi sosial  fisik  pengajar  murid     kesehatan mental"
"30","metode   sulit menyerap ilmu   dosen"
"31"," tatap     mengerti penjelasan dosen"
"32","  setuju     sulit dijalankan  teman  terkadang terkendala  jaringan dosen  terkadang     ppt"
"33","metode    dituntut otodidak   mandiri  terganggu aktivitas dirumah"
"34","metode     kekurangannya   keuntungannya"
"35","metode     membatasi proses  karna  kali  kendala perihal jaringan tapi        mudah  akses"
"36","    aspek  setuju   setuju  setuju    menciptakan ruang   dinamis       setuju  jarak   mahasiswa   mengerti     dosen    dosen   menjelaskan    modul  bahan ajar sajahal  menyulitkan disaat praktikum "
"37"," kendala jaringan     diakses peserta didik   disiplinnya peserta didik     alasan    diakses game "
"38","    efektif   "
"39","metode    kuliah offline"
"40","  offline  berpengaruh  tingkat pemahaman   pelajaran   offlinetatap       "
"41"," metode     siswamahasiswa  malas   menambah ilmu  makin buntu disebabkan   susah diterima  siswamahasiswa   efektif  mengahabiskan uang    feedbacknya   "
"42","metode    tujuan pendidikan  tercapai"
"43"," metode    sulit dipahami terkendala jaringan     sulit  memahami mata kuliah   suka   tugas"
"44","  efektif   "
"45","       efektif    berinteraksi langsung  guru  "
"46","    menekankan  transfer knowledge   pemahaman   attitude peserta didik  terkontrol  transfer caracter  maksimal    "
"47","     mempengaruhi    menyetujui    contohnya  efisiennya  jaringan  menentukan    kemudia mahasiswa  kawasannya   terkena jaringan  stabil"
"48","    membutuhkan tatap  langsung  praktikum"
"49"," jarak      efektif    tenaga pengajar  mengontrol   mahasiswa  mengikuti       kelas   diwajibkan  mengaktifkan kamera   penggunaan aplikasi zoom  google meet peserta  mengikuti  mudah  kehilangan fokus  leluasa  kegiatan   proses     menonaktifkan kameranya"
"50","    jarak   penjelasan    guru cukup   daringtetapipada  pemebelajaran tatap    leluasa       dipahami"
"51","tanggapan    jarak    metode    dilaksanakan   membantu  seiring    metode    memberatkan    diterima   difahami   faktorfaktor     menghambat proses     salah  contoh jaringan   stabil  menghambat proses    "
"52","     kemampuan anak  orang tua  mengakses media   evaluasi   berjalan    masingmasing  plus minusnya"
"53"," belajarnya   santai   laksanakan  rumah"
"54","   efektif    metode  jarak "
"55"," jarak  terkendala  jaringan      konsentrasi"
"56","       dosen     mengerti     ketimbang metode tatap  "
"57"," sisi memiliki sisi positif  negatif"
"58",""
"59","metode  jarak  memiliki kelebihan  kekurangan"
"60","  tatap mukaoffline  efektif"
"61"," metode virtual    pengajar  mahasiswa   menutup    acuh  acuh  menerima     tugas berbeda  metode tatap "
"62"," faktor  menyulitkan  bandingkan memudahkan      alat komunikasi"
"63"," efektif"
"64","   setuju    perbedaan   luring  daring     daring   hambatanhambatan   alami  proses "
"65"," memudahkan    situasi pandemic"
"66","  tatap "
"67","metode   jarak   sosialisasi  real  "
"68","  metode  tatap          menyulitkan  belah   pengajar    mengamati siswanya  langsung     sulit memahami penjelasan  guru   keterbatasan   komunikasi   efektif"
"69"," efektif   offline  tatap  langsung"
"70"," penyampain mata kuliah   jelas  sulit  pahami"
"71","    jarak    mata kuliah    didiskusikan  langsung   daring   efisiennya   pandemi  "
"72","   jarak jauhter kadang  mahasiswa  malas  bungun pagi      mengikuti perkuliahan  telat bangun    metode   mahasiswa   berpartisipasi"
"73"," pendidik  komunikasi langsung karna   tingkat pendidikan dasar   sekedar   pelajaran"
"74","   kreativitas guru    meningkat           tatap   "
"75","  kekurangan  kelebihan  situasi  mendukung"
"76","   tatap  kecuali      jarak   terapkan"
"77","         kesungguhan  mengikuti    "
"78","kurangnya minat  partisipasi peserta didik  pembeljaran   keterbatasan media  jaringan internet"
"79","cukup setuju tergantung  dosenpengajar   proses   proses  mengajar "
"80","       pelajar faham   pelajaran   terima          suruh baca       pelajar butuh penjelasan"
"81","    metode   kelebihan  kekurangannya             setuju dimana   tatap    diberlakukan  kegiatan praktik     cukup     "
"82","      tatap     sepakat   kondisi      menyesuaikan  dibeberapa kondisi   berbeda   tatap     terbatas  jaringan   mendukung  aktivitas "
"83"," jarak   efektif"
"84","  fokusnya pelajar  memerhatikan pelajaran    pengajar"
"85"," metode  jarak     pemahaman  penjelasan"
"86"," jarak   fleksibel"
"87"," plus minusnya    dampak  bagus   ujian  bimbingan dampak   enak    sepenuhnya  dipahami"
"88","  setuju   jarak     maksimal  proses  mengajar  mahasiswa  praktek  langsung  softskill komunikasi"
"89","  jarak       lakukan  langsung"
"90"," rindu  offline  menyenangkan  efektif"
"91","    metode     efektif kerena  hambat  sinyal buruk stres  tekanan      bosan       berinteraksi  langsung    dosen    pahami   sinyal"
"92","       kendalanya  jaringan internet  pemahaman    dosen  sulit   mengerti"
"93","  langsung  kelas   mudah d pahami"
"94","   mudah dipahami   kendala jaringan     daring"
"95","   kebanyakan     penjelasan"
"96","     efisien    mahasiswa dimana     praktikum     berjalan    dilaksanakan  offline"
"97","   pandemi          dibandingkan tatap "
"98","    efektif   sulit  dipahamin"
"99","  jarak  dosen  mudah   "
"100","    tatap   efektif  mental   terbentuk dibandingkan  penerapan metode daring "
"101"," positif    negatif   jarak "
"102"," paham  dosen menerangkan   "
"103"," jarak   efektif"
"104"," dosen dominan mengandalkan tugas  indikator penilaian"
"105","         kombinasi    "
"106","pertemuan virtual   mengalami  koneksi  interaksi  guru  peserta  minim"
"107"," tingkat smp  jarak   terbatasannya"
"108","  jarak   fokus  menyimak  "
"109","  aspek   terjamah    karakter adab  nilai akademis  valid"
"110","karna   pandemi covid       lakukan  proses      penyampaian  "
"111","  efektifinteraksi   offline  berbedasinyal  kendala terbesar   terkadang habis  pencarian sinyal"
"112"," senua orang tua  hp  dipinjamkn anaknya"
"113","  jarak    setuju  borosnya penggunaan kuota  kesulitan mencari sinyal"
"114","    jarak   maksimal"
"115","   kendala  niat     turun    guru   maksimal"
"116","   kemudahan    bosanmalas"
"117","  jarak   pelajaran  bersifat teori    tapi   praktek   efektif"
"118"," tatap   "
"119","metode     kendalanya"
"120","   respon   lengkap"
"121","     jelas"
"122","metode         kendala"
"123","  jarak    bebas"
"124","  jarak     guru   sulit  dipahami"
"125","  teori   dimengerti    daring dibandingkan langsung   mata kuliah  membutuhkan praktek langsung"
"126","  langsung   kondusif"
"127"," jarak   maksimal"
"128","kebanyakan    fokus  sang pengajar  memperhatikan feedback  diajar"
"129","     mengerti    diajarkan       menghabiskan     malam   efektif       pedalaman   menimbulkan  kendala  susah sinyal"
"130","  paham  sistem tatap    fakultas     daring   cukup "
"131"," jarak  cukup   dosen  masuk kelas basa basi dulu     langsung habis   pertemuan  butuh kp  memenuhi     bahan ujian kalo    dosen habis  bab   pertemuan"
"132","indonesia   sepenuhnya siap     dibutuhkannya sarana pendukung  sarana  prasarana  mendukung   pandemi membawa perubahan terkesan mendadak   cepat    pelaku pendidikan  siap  perubahan  "
"133"," plus  minus masingmasingnya    cenderung santai  kelas  tiduran main handphone"
"134"," memudahkan   aspek   jarak "
"135","         santai    mudahnya mencari   internet"
"136","cukup    metode  tatap      lama  pelaksanaannya   pembiasaan  adaptasi    pelaksanaan  jarak   lancar "
"137","   penjelasan  maksimal   tugas"
"138","    diterapkan sepenuhnya  banyaknya kendala sinyal  mendukung gurudosen  menguasai penggunaan aplikasi  lingkungan  kondusif"
"139","   diajarkan  jelas   paham"
"140"," mendukung      fleksibel  keluhan keluhan ttg tugas        masi   tolerir     keberatan  mengerjakannya     hemat ongkos kendaraan bensin mobil dkk"
"141","sesungguhnya       offline memiliki kelebihan  kekurangan masingmasing         cenderung  bersemangat   makin   temanteman   menyebabkan  kondisi demotivasi   "
"142"," pribadi mengambil jurusan akuntansi      virtual  sulit ditangkap       hambatan  sinyal suara  "
"143"," efektif    proses "
"144","    jarak  pelajar  pengajar    pelajar  menganggap enteng kelas "
"145"," paham      dosen   sinyal  miskomunikasi   dosen    tugas  menjelaskan tugasnya  efektif   accan tugas visual  butuh penjelasan  visual    "
"146"," setuju    dibrikan sulit dipahami sulit mengenal temanteman  angkatan    kadang sinyal   mendukung"
"147","metode       paduan    konvensional"
"148","    daring  fleksibel   dimana "
"149","jelas metode   tatap     pemaparan   jelas"
"150","terkadang    membosankan   gangguan  rumah"
"151","   situasi covid  parah  sebisa    berusaha       offline"
"152","  era pandemi  salah    pembalajaran   dijalankan salah satunya     daring    tujuannnya  membantu  memudahkan   memahami pelajaran    mengikuti daring     memilih metode   tatap    pembalajarn tatap   jelas  pembelajarannya  mudah memahami pelajarannya   langsung berkomunikasi  berdiskusi  teman     guru mata pelajaran  metode  tatap     efektif  efisien   tugas     serumit tugas     daring  absensi   mudah   teratur    metode tatap    metode daring         memilih     tatap    daring  "
"153"," efektif tatap  langsung  sosialisasi nyata"
"154","jurusan   menekankan  praktikum  mengharuskan turun langsung  lapangan   jarak  menyulitkan perkuliahan"
"155","komunikasi    minim  pengajar  pelajar"
"156","      efisien  berat  pengajar      pengajar     maka    metode   dimana  menjangkau  siswanya    terkadang  menaruh perhatian  effort  gurunya  bermain  kelas    memperhatikan proses  mengajar  siswanya  terkadang   mengerti    dibatasi  layar   terkadang  pengajar  metode mengajarnya  memberatkan  pemberian tugas tugas  efisien  tatap   pengajar   situasi kelas   mengambil tindakan      fokus     ruangan  guru"
"157","       pahami        interaksi langsung  pelajar  pengajar"
"158","   diakses dimanapun"
"159","   perbedaan  sisi mengajar     offline kemudahan    dosen   mengajarkan via youtube   diulang dikemudian "
"160","   menuntut     mandiri mencari pengetahuan  mandiri   mengikuti panduan pengjarguru  mencari pengetahuan    bnyak  ilmu   dapatkan  luas   konvensional        pengajar   mengerti metode pengajaran     pmbelajaran    efektif    mahasiswa  memanfaatkan fasilitas daring     samasama berkolaborasi maka pmbelajaran       efisien  dimana     menggunakannya"
"161","terkendala  terbatas      "
"162"," mahasiswa  jurusan  cukup  praktik    efektif"
"163"," tatap    efektif"
"164"," kendala   "
"165","pelajaran praktikum    daring"
"166","cukup setuju  menyesuaikan     berkelanjutan tapi     diterapkan   luring  metode blandid learning"
"167","karna tatap        langsung karakter anak "
"168","disaat pandemi  pjj      tatap   kesehata  keselamatan peserta didik  guru  utama"
"169","tatap   efektif     katakter"
"170"," metode    pesan        memantau langsung aktivitas     tatap    langsung berinteraksi  langsung  "
"171","   media       dilaksanakan  maksimal    dosen    memanfaatkan media   media   perkuliahan  pasif   dinamis     mata kuliah praktikum  menyulitkan    pertemuan tatap  langsung kegiatan   terkontrol  output  dihasilkan  memuaskan"
"172","memiliki keuntungan  kerugian    mahasiswa  dosen"
"173","  kombinasi    offline"
"174"," baiknya   "
"175"," tatap   langsung  contoh karakter"
"176","karna    membaca bahasa tubuh     dipahami  guru  "
"177","   apapun guru terampil  komputer   butuh kenyataan real  lapangan sikap tingkah laku anak     laporan "
"178","   anak  memahami pembelajan onlineada sebagaian anak   paham   langsg  guruwalaupun     paham   daring   zoombiayanya  cukup mahal  daringtidak  anak memiliki akses    daring"
"179","     tatap  pendidikan     bermakna   tatap  "
"180","idealnya   tatap   penguatan  pengayaan     sisi humanisasi  pendidikan  sifatnya keteladanan  karakteri   maksimal   tatap "
"181","kbm  maksimal    berinteraksi langsung     guru    "
"182","  memahami   "
"183","bagus "
"184"," bagus proporsi      tatap "
"185"," peran guru  tergantikan"
"186","  tatap  hubungan sosial  guru         pembentukan karakter   mudah"
"187","  paham tatap "
"188"," hubungan guru  murid  terjalin  sempurna   sekat  pertemuan virtual  agak  gitu"
"189"," efektif  sinyal  mendukung"
"190"," metode daring terbilang   jenuhbanyak     semualebih  tatap     efektif"
"191","  tatap      pantau  mengatasi pendidikan  era pandemi       tatap      jarak      pantau  langsung  menurunkan semangat "
"192","    kadang    mahasiswa   sulit menerima   kadang    terperinci      cukup  tugas  wilayah  dipengunungan  terpencil  maka  sulit  sinyal      tergantung  sinyal"
"193","karna    seseru  tatap   tugas  ringan"
"194","  dirasa  maksimal  penjelasan  guru    tugas"
"195"," mata pelajaran  berpraktik    susah  disesuaikan"
"196"," tatap    digantikan  model  apapun  tatap  pengajar    peserta didiknya motivasinya kekurangan  kelebihannya   memantau kemajuna belajarnya  langsung   kesulitan    langsung "
"197","        mengerti ketimbang  tatap "
"198","  efektif"
"199","mengajar manusia   interaksi sosial  langsung sentuh  hati  hati  berbeda  melewati media"
"200","cukup setuju   kekurangan  kelebihannyakelebihannya       jarak kekurangannya  jarang bertemu     kurangnya silaturahmi"
"201","kurangnya fasilitas   video record penjelasan   dosennya langsung kurangnya paham      pdf ppt"
"202","setuju   pandemi"
"203"," sisi praktis    lompatan   guru    kadang kondisi  tinggal    hambatan "
"204","karna  tatap   agak susah  mencerna pelajaran   nya"
"205","     buka buku  tab crime    cair  dibutuhkanlebih ribet  susah    sibuk  "
"206","   berinteraksi  "
"207","karakter    terbentuk"
"208","   melaksanakan kuliah   kendala  melaksanakan kuliah  sinyal  buruk  dirumah  kadang    fokus   biaya kuota  kuliah  cukup menguras kantong   kekurangan    dibandingkan  tatap    tatap    dibandingkan "
"209","tergantung sikon kbm  dijalankan  kalanya  jarak          konvensional     berinteraksi langsung"
"210"," jarak   simple"
"211","   partisipasi"
"212","  siapnya tenaga pendidik  pendidik  pelaksanaan  jarak  daring    aspek"
"213","setuju"
"214","  praktis  muridmurid  tingkat iq  memadai  interaktif  memacu anak  bereksplorasi  realitanya     ratarata anak  kelas memiliki iq  tingkat pemahaman  minim   anakanak    metode tatap "
"215","   terkait      tertata rapih"
"216"," efektifnya peran aktif     kesukaran guru  mengevaluasi   penilaian kognitif afektif  psikomotorik "
"217","  dikondisikan dalan laporan  jarak "
"218"," tatap    peserta didik"
"219"," tatap  respon    ditangkap    guru   ditindak lanjuti langsung"
"220"," mendidik  mengajar   pendekatan  anak"
"221","penyampaian   anak  maksimal"
"222","  maksimal"
"223","  metode tatap          mudah memahami  pelajaran"
"224","cukup setuju"
"225","   metode pembealajaran  anakanak  fokus  "
"226"," peserta didik  siap    on line"
"227"," covid  "
"228"," tatap   efektif  "
"229","     "
"230","tatap      on line"
"231"," maksimal"
"232","   tatap  guru   kebutuhan "
"233","metode tatap      "
"234",""
"235","  jarak   efektif"
"236","  pandemi covid "
"237","    anak  rajin  aktif      buruk  anak  malas   malas"
"238","kondisi anak berbeda     pemahaman   "
"239","       memahami pelajaran  metode tatap "
"240"," tatap  respon     memuaskan  jaringan internet      mendampingi "
"241","   tatap    pandemi  maka     "
"242","    guru  kreatif  inovatif     komunikatif"
"243"," sulit memantau perkembangan afektif  emosional "
"244"," aja"
"245","     paham   "
"246","    mengikuti"
"247"," sinyal  pertemuan"
"248","kalo sepenuhnya   setuju    blended learning       adakan tatap       dirasakan  arah"
"249","   merespons      faham   mata pelajaran   penjelasan  detail   akuntansi  bahasa inggris matematika contohnya"
"250"," tantangan   hadapi  menyelenggarakan  daring   sisi sdm  kondisi ekonomi masingmasing peserta didik  diamanahkan  kurikulum  tim it  sekolah  mengedukasi rekanrekan guru   awam         berjalan   optimal   kreatif      menarik    memperhatikan kondisi kuota peserta didik      hidup  kondisi ekonomi  cukup"
"251","  kelemahan  sinyal internet"
"252","       kreatif      mengembangkan kemampuan     metode sekolah    diterapkan   "
"253","  setuju  tatap     "
"254"," pastinya aplikasi  meeting  situssitus  perpustakaan"
"255","  maksimal khusus  olahraga  krodit "
"256","    dipahami "
"257"," anak  tingkat sd    bimbingan  perhatian  pendidik   contoh keteladanan    lihat  kongkret  membentuk karakter baiknya   efektif  tatap   langsung   sd  karakter belajarnya   halhal  kongkret  maka       bermakna jiga  langsung tatap "
"258"," media tehnologinya setuju   gcgfmeet dsbcara on linenya   karakter  sikap sosial susah   bentuk   on line   usia pubertas  pencarian jati    susah  lingkungannya prosentase dunia maya  "
"259","prestasi    menurun  akademi  non akademi  kedisiplinan  "
"260"," sulita  memantau  langsung   kbm "
"261","  pilih    dijenjang sd anakanak   interaksi  fisik  guru  temantemannya  metode daring   pilihan  keadaankeadaan "
"262","onenote  mencatat    "
"263","fasilitas aplikasi   sediakan  universitas  sikola"
"264","kuota internet  pemerintah"
"265","laptop  hp"
"266","kuota gratis"
"267","hp laptop"
"268","laptop hp internet"
"269","  dibutuhkan laptopsmartphone   kuota tapi    tanggung masingmasing pengalaman    jarak   untung perkuliahan   wa    memakai laptop tapi cukup sayang  temanteman   pakai zoom  apapun   menguras  kuota    tanggung "
"270","zoom  wa"
"271","handphone laptop  internet seadanya"
"272","wifi laptop"
"273"," fasilitas   google   meet classroom  google pencarian    zoom youtube   sosial media "
"274","laptop  akses internet"
"275","laptop  akses internet"
"276","hp"
"277"," "
"278"," pastinya aplikasi  meeting  situssitus  perpustakaan"
"279"," zoom  google meet     daring"
"280","alat elektronik  laptop hp   wifi"
"281","  fasilitas"
"282","kuota"
"283","handphone  laptop"
"284","lms kampus kuota kampuskemendikbud"
"285","sosmed       diskusi  pelajaran  diskusi  pelajaran  teman teman"
"286","laptop hp wifi"
"287","laptop handphone wifi"
"288","xrecorder"
"289","zoomelearninggoogle meet"
"290","laptop  wifi"
"291","laptop"
"292","laptop  handphone"
"293","wifi"
"294","kuota  pemerintah  manfaatkan  zoom        kuota  numpang wifi   keluarga"
"295","leptophpmeja    "
"296","laptop wifi"
"297","handphone  laptop"
"298","laptop handphonekuota"
"299","hand phone  lattop"
"300","fasilitas internet    pemerintah"
"301","kuota internet"
"302","hpbukulaptop   "
"303","handphone  laptop"
"304","google chrome"
"305","zoom"
"306","handphone  wifi"
"307"," "
"308","aplikasi wa grup google meet  google classroom"
"309"," "
"310","zoom meeting  elearning"
"311","aplikasi zoom  google meet  google classroom"
"312","pulsa"
"313","handphone"
"314","komputer lcd  "
"315","laptop hp"
"316","andorid laptop"
"317","kuota internet"
"318","google classroom google meet zoom  whatsaap"
"319","internet hanphone laptopkomputer"
"320","hape"
"321","hp laptop jaringan internet"
"322","zoom"
"323","laptop  room"
"324","laptop  handphone"
"325","laptop hp"
"326","kuota "
"327","multimedia "
"328","zoom google clasroom"
"329","laptop hp  internet"
"330","  fasilitas internet  wifi  device    laptop"
"331","zoom googlr classroom google form  quizizz"
"332","proses   refrensinya  jurnal  makalah  sesuai  "
"333","kuliah    daring memakai apk lms zoom goggle classroom efisien  mudah dlm penggunaannya"
"334","laptop"
"335","aplikasi wa zoom"
"336","laptop zoom google studio mini aplikasi editing video"
"337","zoomgoogle meetgoogle classroomeduboxquizizgoogle form"
"338","internet pc hanphone   "
"339","laptop wifi headset hp"
"340","fasilitas  d   google classroom  wa"
"341","hp  laptop"
"342","handphone  laptop"
"343","zoom google meet class room   "
"344"," media zoom   cukup membantu     aplikasi     cocok "
"345","internet kuota laptop"
"346","wifi"
"347","hp  laptop"
"348","kuota internet  gadget"
"349","handphone   "
"350","platform zoom gmeet jaringan  memadai teknologi wa   "
"351","kuota leptop hp komputer youtube google   "
"352"," "
"353"," merasakan   fasilitas apapun  kampus     kuota internasional  kampus"
"354","kuota internet"
"355"," data internet gratis"
"356","laptop"
"357","buku handphone  data internet"
"358","  zoom google meetingdan whatsapp"
"359","hp  laptop"
"360","fasilitas  leptop  kuota internet"
"361","laptop  hp"
"362","buku  internet"
"363","kuota kemendikbud"
"364","laptop"
"365"," "
"366","laptop  handphone"
"367","beragam aplikasiaplikasi   mendukung   selecara synchronous  asynchronous zoom meeting google classroom  lms berbasis moodle whatsapp group quizziz wordwall oray   "
"368","mengikuti kuliah"
"369","internet aplikasi zoom lap top  lms"
"370","pc handphone"
"371","fasilitas ruang   lengkapi  background green screen  wifi  stabil"
"372","lms"
"373","meja   taruh   jendelalaptop  kuota  sinyalnya kenceng"
"374","kuota kemendikbud"
"375","fasilitas kuota"
"376","media zoom meating  google classroom"
"377","gc gf  youtube web"
"378","fasilitas kouta pembalajaran gratis kadang  diterima   perbulannya"
"379","laptop  wifi"
"380","google meet google classroom google form  whatsapp"
"381","zoom meeting google classroom whatsapp grup google form"
"382","zoom gcr padlet ed puzzle quiziz kahoot flipgrid"
"383",""
"384","handphone laptop  internet"
"385","laptop hp"
"386","internet"
"387","laptop buku alat tulis"
"388","zoom google meet"
"389","ofline"
"390","laptop handphone  internet"
"391","wifi laptop hp buku"
"392","laptop handphone  bantuan subsidi kuota"
"393","kadang laptop  kuota memadai   listrik padam        fasilitas  "
"394","kualitas jaringan internet laptop  kuota internet"
"395","internet  diakses  laptop  hp  menunjang kegiatan  mengajar  gmeet  zoom"
"396","laptop  handphone"
"397"," kuota internet  pemerintah  penggunaan alat bantu   zoom google meet kahoot   "
"398","zoom google meet google classroom quiziz mentimeter google form"
"399","laptop youtube classroom internet"
"400","laptop gadget  internet  mendukung"
"401","mempelajari   dikirim  aplikasi "
"402","wifilaptopipadhp"
"403","laptop handphone"
"404","perpustakaan  aplikasi  microsoft teams"
"405","platform  meeting fasilitas elearning kampus"
"406","  memakai laptop"
"407","komputer laptop handphone printer  scan"
"408","wifi laptop hp"
"409","laptop hp wifi"
"410","kuota  pemerintah"
"411","kuota internet  kampus  kemendikbud"
"412"," learning  database jurnal"
"413","youtube bimbel  web internet"
"414","handphone buku lks internet google classroom zoom"
"415","internet  laptop"
"416","aplikasi komunikasi  zoom  google meet  aplikasi e learning  google classroom"
"417","google classroom google meet zoom"
"418","fasilitas internet  barang teknoogi sperti smarthphoen  laptop"
"419","laptop  wifi"
"420","  bantuan kuota  kampus"
"421","youtube gmeet zoom"
"422","classroom  zoom"
"423","internet  gadget"
"424","laptop handphone dslr"
"425","google meet  zoom google form google  classroom    "
"426","jaringan internet laptop aplikasi zoom"
"427","kendala internet  perangkat"
"428","laptop  hp  infocus"
"429","ruang kelas   infokus tersedia  leptop "
"430","penggunaan gmeet   menjelaskan  berdiskusi  langsung  peserta didik"
"431","google class room"
"432","jaringan internet  memadai penyampaian  ajar  seefektif "
"433","   fasilitas    kuota internet fleksibilitas  sistem pembelajara     daring"
"434","hp  laptop"
"435","googlemeet google classroom google form whatsapp quizziss"
"436"," bimbingan kpd guru"
"437","google class room"
"438","wifi"
"439","whatsapp youtube google form gcr  "
"440","zoomgcr  google form"
"441","whattsap   media komunikasi youtube  media   berisi  pelajaran google form  google classroom  media penilaian"
"442","zoom meeting lms seamolec classroom ms team gmeet whatsapp group   "
"443","hp laptop"
"444","leptop zoom"
"445","free cost"
"446","kreatifitas      aplikasi   dipahami  guru      kejenuhan  "
"447","hp  tablet laptop"
"448","jaringan internet alat komunikasihp laptop"
"449","handphone"
"450","smartphone  data internet"
"451","wifi rumah"
"452","hp  laptop"
"453","handphone  notebook"
"454"," kuota bantuan  kemendikbud tapi tergantung wilayah   mahasiswa   sinyal  terjangkau"
"455","kuota pemerintah"
"456","wifihplaptopalat tulis"
"457","aplikasi zoom kahoots quizziz   "
"458","elearning grup whatsapp   youtube"
"459","hp internet"
"460",NA
"461","google meet whats app grup"
"462"," hp laptop  koneski internet"
"463"," animasi permateri   mahasiswa  berwarna  enak dipandang disertakan penjelasan contoh   dosen    tugas  quiz  kebingungan"
"464","whatsapp gooleform"
"465","whatsapp google classroom zoom google meet"
"466","googlegoogle classroomgoogle meetzoom"
"467"," perangkat android"
"468","wifilaptop aplikasi  kelas pontar"
"469","komputer  hp"
"470","laptop"
"471","kuota internet zoom power point   terkait "
"472","internet"
"473","laptop wifi"
"474","internet laptopkomputer  pelajaran aplikasi   penunjang kbm"
"475","fasilitas gadget"
"476","gmeet zoom youtube"
"477"," peralatan handphone  laptop   produktif   memakai aplikasi aplikasi   pengelolaannya   "
"478","google form zoom quizizz"
"479","daring  luring"
"480","zoom  wag"
"481","google classroom google meet youtube"
"482","zoom meeting"
"483","zoom group wa share video "
"484","video zoom"
"485","google meet"
"486","leptop  handphone"
"487","zoom"
"488","gmeet zoom quizz"
"489","alat peraga youtube   "
"490","hp laptop wifi"
"491","zoom  whatsapp"
"492","laptop handphone"
"493","internet hp  laptop"
"494","zoom google form"
"495","laptop  hp"
"496","mengunakan zoom meeting"
"497","laptophp komputer"
"498","leptopkadang  video "
"499","fasilitas   dimanfaatkan  optimal  penggunaan laptop jaringan internet  ponsel"
"500","zoom meeting google jamboard whatsapp youtube"
"501","internet ruang kelas laboratorium"
"502","zoomgmeet ppt video  wag gcr"
"503","hp android   youtube"
"504","fasilitas  aplikasi   google classroom edmodo quiziz google site"
"505","google suite  zoom"
"506","proyektor   berkelompok  diskusi  "
"507","laptop  internet"
"508","laptophp"
"509","lap top hp"
"510","wifi modul   media "
"511","google meet quizesss video"
"512","laptop webcam"
"513"," metode sinkron  asinkron"
"514","google classroom google meet zoom meeting quizzis youtube video  powerpoint"
"515","  langsung  tatap "
"516","via zoom gmeet whatsapp   youtube"
"517","zoom meeting  metode  langsung"
"518","waggoogle meetgoogle formquiziz"
"519","  perangkat     maksimal   goole clasroom zoom g meetwa edublog   aplikasi  google for education"
"520","meet gc gf whatsapp  instragram"
"521","aplikasi    model  youtube google classroom google form quizess   "
"522","wifi  apalikasi  "
"523","lms google classroom google extension   annotate tugastugas   koreksi google meeting zoom game edukasi  wordwall quiziz"
"524"," makin  mahasiswa  makin malas"
"525","      dampak   proses  mengajar    peorses  mengajar  zoom  mahasiswa mematikan kamera  mikrofon   aktivitas      efektif"
"526","dampak baiknya        dirumah   bertatap  langsung  mencegah penyebaran covid dampak buruknya guru  dosen terkadang  tugas    kuliah  dibandingkan  kuliah tatap "
"527","     berbeda  offline        masuk"
"528","  kreatif  dlm  teknologi"
"529","terkadang    sulit  mengerti   "
"530","tergantung orang nya sihh"
"531","  pribadi cukup jenuh   kuliah  whatsapp   seefektif kuliah tatap "
"532","jujur"
"533"," setuju  setuju sih        efisien tapi   dijalankan  proses  mengajar   berjalan"
"534","  mahasiswa    mendengarkan  dosen  penjelasan  "
"535","dampak       kemandirian   memicu lahirnya kecanggihan teknologi"
"536","  cukup      maksimal"
"537","  cukup      maksimal"
"538","     dampak    seringkali       membuka  aplikasi   konsentrasi  belajarnya  full            manfaat       memainkan  namanya gadget"
"539"," minat  gurudosen menjelaskan"
"540","   memaksa  melek teknologi"
"541","    daring   fokus memperhatikan   dosen      dapatkan   tatap "
"542","dampaknya    butuh   memahami pelajaran  bentuk   vidio    ulangulang"
"543","    malas  malas kerjakan tugas   "
"544","karna susah  pahami"
"545","  setuju   banyaknya kendala     "
"546","     solusi ditengah pandemi   "
"547","   offline         ruginya      memaksa   luwes memanfaatkan teknologi"
"548"," berdampak efektif  penyerapan  pemahaman   "
"549"," mengenal    berkomunikasi jarak "
"550"," kondisi    jarak "
"551","      efektif"
"552","menambah media      proses "
"553","manusia butuh interaksi sosial"
"554","interaksi sosial  mahasiswa  dosen  berkurang"
"555"," mengerti penjelasan dosen"
"556","       cukup sulit      yag terkendala jaringan    dosen    sekedar power point"
"557","ya    baiknya"
"558","   manapun         sarananya  mendukung"
"559","      mengenal  aplikasiaplikasi   membantu    "
"560","menciptakan ruang ajar  dinamis"
"561","setuju   peserta didik  tim pengajar  memanfaatkan fasilitas pembelaharan   "
"562"," dampak   buruknya salah  dampak baiknya   masuk kelas   "
"563"," kegiatan        diikuti     mahasiswa  kondusif  dilaksanakan onlind"
"564","    dampak     mengajar     "
"565","menimbulkan sifat malas  susah  menerima   "
"566","interaksi sosial  terjalin demgan "
"567","baiknya  sistem ujian  open book  memudahkan mahasiswa   berpikir luas    d   tanggapan  analisis"
"568","   tugas          tugass  bentuk file diketik"
"569","proses  mengajar    sisi negatif  positif nya sisi negatifnya    berinteraksi  langsung  guru     menyebabkan   memahami      guru sisi positifnya     teknologi    tau  perkembangan teknologi   berkembang  ketakwaanmu"
"570","dampak       anak candu  android kesehatan mata anak  berpengaruh negatif  durasi  menatap layar androidpc cukup lama"
"571","   jaringan   mendukung  daerah daerah "
"572","   mengakses internet  bagus"
"573","dampak baiknya  peserta  mengikuti  didorong   kreatif  penyelesaian tugas    diajarkan"
"574","   daring    bebasdalam artiankita  dituntut  berpakaian     daring"
"575","  menumbuhkan sikap disiplin  mandiri   pelajaran   "
"576","agak lumayan  melatih   pengajarar  penggunaan komputer  media "
"577"," cukup setuju tapi tugas       "
"578","   anak  membuka  tapi  bermain game"
"579"," "
"580","   mahasiswa  tidur   mengdengarkan  dosen  mengajar  aplikasi zoom  google meet"
"581"," dampak baiknya  fleksibel   dilaksanakan dimana "
"582","santai belajarnya"
"583"," dampak    dampak buruknya "
"584","dampak    manfaatkan  "
"585","dampak    hemat  biaya  transportasi   kampus     "
"586","     mahasiswa   daerahnya    jaringan    menerima   "
"587","kadang terkendala  jaringan"
"588","proses            "
"589","memudahkan      mengajak peserta didik   informasi  teknologi"
"590","  tatap "
"591","  explore "
"592","      jarak   memudahkan   berkomunikasi  berbeda  tapi    negatifnya     amati trmasuk    mengikuti kuliah   serius  menyimak  alhasil kurangnya ilmu     sifat mager   utama   teman     tidur  proses  mengajar  dilaksanakan  kemarin   makan  minum  ya   cukup"
"593","  guru  samasama faham internet"
"594"," setuju    efektif  memantau mahasiswanya"
"595"," mata kuliah  mudah    langsung        terleksana     memakai metode daring"
"596"," efektif"
"597","      tatap  tapi   dampak     melatih kehujuran anak"
"598","kreativitas   mengajar  meningkat"
"599"," menyebabkan perubahan positif    guru"
"600"," bikin  sistematis  ekstra ketelatenan  kuat"
"601","penanaman karakter  terbatas"
"602","    dampak     aspek kedisiplinan      tata tertib  proses  mengajar    diterapkan  model  "
"603","      gaptek"
"604","cukup setuju        tapi  dampak baiknya  nihil   dapatkan       dampak   dapatkan  leluasa mengulur²   bermalas²an"
"605"," cukup setuju    dimana      mahasiswa dipermudah   mencari   referensi  tugas        anggap       mahasiswa   bergantung  internet   memperhatikan buku "
"606","     efektif  dosen menjelaskan   mahasiswa berseluncur  media sosial   mengurangi kofokusan     mager"
"607"," deadline tugas     "
"608"," pelajar  fokus  memerhatikan pelajaran"
"609","    "
"610","tergantung   individu"
"611","    "
"612","  segi ti  non ti      lapangan"
"613","    lakukan  langsung"
"614","     ringan  belajarnya  puas  fasilitas seadanya"
"615"," pendapat    dampak buruk     setres     "
"616","    agak sulit diterima"
"617"," tergantung dosen   mata kuliah  mahasiswa  menerima    cukup   menyikapinya"
"618","  iya   "
"619","     memanfaatkan data      disalahgunakan  bermain game nnton youtube   "
"620","cukup   disisi    berleluasa  faham   "
"621","dampak  karna  kebaikan    penanganan covid"
"622","   setuju     dosen menjelaskan    dimengerti   peraktek sulit  dimengerti"
"623"," mandiri   tugas"
"624","cukup mempermudah "
"625"," suka malas  daring  bosan"
"626","kesusahan  menerima   "
"627",""
"628","   ketinggalan    efektif"
"629","   menumbuhkan atribut  persepsi  peserta didik     mandiri selfpaced   "
"630","     flexibel   terbatasi  jarak"
"631","  bandingkan  metode tatap   jarak       kbm"
"632","meningkatkan kreativitas  kemandirian"
"633","   sifatnya lifestylecocok"
"634","menjangkau      singkat"
"635","    berbuat         setuju"
"636"," "
"637"," setuju  tanggal merah  melaksanakan "
"638","kedisipilan  berkurang  "
"639","iya  signifikan  "
"640","dampaknya   efektif   mencerna pelajaran  dipaparkan orang pembicara"
"641","   kebanyakan mahasiswai  malas    mengejarkan tugas"
"642","tatap    "
"643","   variasi  "
"644","   mandiri"
"645"," mahasiswa dituntut aktif  proses "
"646","  daring  dampak      anak  malas menurunnya pencapaian "
"647"," kreatif"
"648","    sulit"
"649","cukup  dampak     pandemi  mengurangi penyebaran virus covid"
"650","     pastikan mengikuti   "
"651","  dimengerti"
"652","   ilmu  didapatkan  berkurang"
"653","  tanggapan   "
"654"," memanfaatkan "
"655"," tugas dosen berlombalomba   tugas   dosen   deadline   jam      ga     "
"656","     pelaku pendidikan dituntut   perubahan       pemanfaatan teknologi  "
"657","  merasakan ips       efektifitas penyampaian   dirasa "
"658"," proses        mudah dicerna   terima  kondisi  santai  rumah"
"659","  cukup setuju  dampaknya anakanak   mengeksplor   luas"
"660","   "
"661","  paham   hah  maksud"
"662"," banyaknya hambatan   disebuntukan diatas     efektif   cenderung  arah   arah mahasiswa  dosen aktif"
"663","       langsung  mengurangi mencontek   utsuas "
"664"," dampaknya    nilai       open book"
"665","jujur     cenderung  integritas   temanteman menurun          rasakan"
"666"," sisi positifnya   santai  artian   rumah    rileks"
"667","  banyaknya keluhan   daring   metode    efektif  pemahaman    maksimal  hambatan koneksi  terkadang  menghambat "
"668","   point diatas pelajar  menganggap enteng     cenderung  menerima  mementingkan pelajaran         pentingkan  absensi"
"669","   flexible      "
"670","sulit memahami "
"671","menghemat   kertas"
"672"," merasakan dampak  cukup positif        mudah  mencatat "
"673","      tapi     tatap "
"674","   dampak "
"675","dampak baiknya  anak    menangkap   mencari   internet  menumbuhkan             merata   guruguru  siap  menyikapi tugas     murid"
"676","setuju   daring  dampak     mengajar   seefektif  seefisien   tatap "
"677"," efektif hasilnya  tatap   parents   stress"
"678","  sisi    fleksibel    sisi  beban tugas     berat  tricky    daring"
"679","  ditemukan keresahan  pelajarmahasiswa terkait penguasaan   rumit dipahami  terkendala jaringansinyal  kelas "
"680","dampak baiknya   pengajar   mengembangkan metode belajarnya   beragam          mandiri"
"681","    sekedar  masuk   kelas   memahami   dampak     depannya  banyaknya  pelajar   dapet menguasaimemahami  "
"682","   diakses dimanapun   sesuai   ditentukan"
"683"," setuju  dosen  kadang  mengubah jadwal    mahasiswanya  presentasi   penjelasan    dosen terkait"
"684","trgantung  pengjarguru  membelajarkan siswanya   sibawa   memahami "
"685","cukup setuju    mandiri belajarnya"
"686"," agak kesulitan   tugas praktik  menerus"
"687"," mengenal it"
"688","  ditampilkan  animasi  pembuatannya  sederhana"
"689","pengetahuan anak  guru  it bertambah"
"690","  pembelajarna   dampak     mengajar    anak  rajin   semangat     tapi  anak   semangatnya   kendala  kejenuhan   metode daring tapi     berlaku   anak jenuh  metode daring  cape lihat laptop  hp    kejenuhan   berlaku  guru   disibukan   guru      administrasi "
"691","setuju karna   onlain anak   memanfaatkan tehnologi"
"692"," guru    maksimal   by   peserta didik mengerti     dilaksanakan"
"693","  guru   taubttg it"
"694","disebabkan  jarak    guru   bertatap   langsung menyebabkan     disiplin    kendala       memiliki perangkat  memadai   fasilitas paket internet  kadang  mencukupi   kendala  mengikuti   "
"695"," dampak positif  negatif  u tuk dmpak positifnya   menemukan solusi       luring"
"696"," cukup memahami     dosen"
"697","  aplikasiaplikasi tik"
"698","iya   guru terbantu  memaparkan materinya disaat pandemi"
"699"," efektif    pintar mengginakan it"
"700",""
"701"," guru dipaksa  mengenal it   "
"702"," dampaknya  bagus  anakanak     fokus  game  memegang handphone"
"703","dampak baiknya  anak   mandiri  dampak negatifnya    mendalam  susah membangun karakter   kejujuran"
"704"," kondisi normal kbm    dampak   terkhusus  keterampilan literasi  mengakomodasi   memiliki kemampuan    moda     memunculkan permasalahan    kesenjangangap fasilitas   hasil "
"705","  berdampak "
"706"," anakanak  mengeluh  orang tua pusing mendampingi anakanak"
"707","keren"
"708","guru  haus  ilmu  tekhnologi  mendukung   menyenangkan   onlie      jenuh   aplikasi "
"709"," tambahan ilmu  it   terpaksa"
"710"," setuju  dampak baiknya   kentara  anak  mahir  it tapi  segi sikap sosial  kemandirian peserta didik   merosot"
"711","  paham tatap "
"712","    memanfaatkan teknologi      bermain medsos "
"713"," menegerti   tatap "
"714","dampak   daring    menajemen    membiasakan adaptasi    pandemifasilitas     memadai  daring   kouta internet terbatas    daringsehingga   menghemat  efisieun  kepentingan  daring"
"715","anak anak  memaksimalkan media sosial"
"716","   dampak   buruknya tapi cenderung  baiknya      memutus rantai penyebaran covid tapi   berjalan  lancar   didukung     didamping orang tua   wilayah  memadai   sinyal  maka  tujuan    tercapai"
"717","       dampak   tapi    anak anak  malas  anak anak  suka  "
"718"," kebanyakan guru  tugas   murid  malas      mandiri   menyontek  temannya   tugas   murid  setres"
"719","ya  topiksubjek "
"720","  hasil       kemajuan  kemampuan     teman searcing    sepengetahuan guru    motivasi   mengandalkan searching"
"721","   tugas      pengumpulan   terkadang terhambat jaringan internet  lambat"
"722",NA
"723","anakanak cendurung memiliki motivasi   rendah  sulit memahami  "
"724","  meningkatkan kreativitas      unik   pandemi     kendala     memiliki fasilitasnya"
"725","cukup bagus  dosen  membangun mahasiswa   bosen  menjelaskan  "
"726","setuju"
"727"," guru termotivasi    terbaik  "
"728","karna     mandiri"
"729","kelebihan  daring      relax    banyka     istirahatminusnya     malas  videonya dimatikan  terkadang kit   bingung  ynag    sinyal   "
"730","   dampak negatifnya     "
"731","guru   bertambah wawasan   "
"732","   kekurangan    tapi  cukup setuju   dampak   dapatkan        fleksibel     mandiri   praktikum dituntut    bimbingan langsung  dosen terkait  teman"
"733","  leluasa  mengekspresikan kbmnya  suasananya  santai    rumah masingmasing"
"734"," ringkas"
"735"," kurangnya partisipasi    kesiswa  maksimal"
"736"," tuntunan pembejaran  peserta didik  pendidik  upgrade soft skill   menunjang  memanfaatkan  daring  maksimal"
"737","setuju"
"738","    metode   praktis  memacu anak bersahabat  perkembangan teknologi"
"739"," sisi   buruk   "
"740","kurangnya motivasi sarana  prasana  beserta guru    "
"741"," jarak   dampak    "
"742","    tatap "
"743","  dimudahkan  mengakses  "
"744","  pendekatan    kondisi "
"745","kepribadian anak   maksimal  menilai  berdasarkan pengumpulan tugas "
"746","   interaksi  teman"
"747","membantu      rumah"
"748","cukup setuju"
"749","     pendidik  kreatif"
"750","  penilaian    pertanggungjawaban  valid"
"751","proses  mengajar  maksimal"
"752"," baiknya  orang tua  mendampingi anak    anak tergantung  orang tua"
"753","    anak  "
"754","   setuju  kondisi covid   terpaksa melaksanakan pjj  "
"755","  kuota"
"756"," proses      maksimal"
"757","ya  sisi baiknya"
"758",""
"759","    malaskurang disiplin  bertanggung    tugas"
"760","  covidjd  membantu"
"761","  guru  kreatif"
"762","mengurangi resiko terpapar covid "
"763","guru   berinovasi   pengajaran"
"764","  motivasi    menurun"
"765","       mengembangkan teknologi komputer    "
"766","     dampak  positif   pandemi     guru   mengoptimalkanaplikasi aplikasi        pelibatan orangtua  pengawasan orangtua   maka     main game   malas "
"767","meningkatkan literasi digital guru  "
"768"," aja"
"769"," memudahkan guru    sekolah     pembagian pelajaran"
"770"," murid   "
"771"," menjaga keselamatan  pandemi corona"
"772","cukup setuju"
"773","  asyik memainkan gadgetnya dibandingkan  tugas   guru"
"774","membiasakan   mencoba   mengupgrade ilmu pengetahuan  skill  memudahkan anak anak  mereview     "
"775"," fiftyfifty   peralihan   konvensional  daring"
"776","   kendala   sekolah  kedisiplinan camistry jaringan kemauan  penggunaan gawai"
"777","  setuju  "
"778","  tersampaikn  "
"779"," pelajar kedepanya"
"780","  terkendala dlm kuota dlm "
"781"," tampa  pendampingan     orang tua maka     berdampak    dampak  negatif  anak   gangetnya  game     bermanfaat  "
"782","on line memaksa   mempelajari tehnologi   usia smp  mata pelajaran sain matematika  menjafi  terkendala usiamereka  siao  mandiri"
"783","  sisi menuntut  guru  inovatif    peserta didik"
"784","cukup setuju    pandemi       butuhkan  mash  kekurangannya"
"785","muridmurid  teknologi"
"786","  webinar   mudah dijalankan   dibandingkan  offline"
"787","ya  dampk positif  negatif"
"788","    webinar  membantu memahami   mengajar       "
"789"," membantu mengisi  luang  kelas kosong"
"790","iya cukup berdampak"
"791","ya   mudah  mengikutinya   ketempat seminarnya langsung cukup  "
"792"," dampak bagus     fokus  serius"
"793","  individu   serius mendengarkan penyampaian   pemateri pastinya    ilmu      mengincar sertifikat  maka    sekedar formalitas belaka"
"794","ya"
"795","berdampak  sih tapi  bagus   dilaksanakan  luring"
"796","iya       mengatasi  malas  depresi      pandemi "
"797","   dampak    misunderstand  miscomunicasi  terkendala jaringan"
"798","  webminar    dampak positif   media    menambah wawasan  relasi"
"799","  webminar    dampak positif   media    menambah wawasan  relasi"
"800","ya"
"801"," efisien"
"802"," berbicara  dampak baiknya   pelatihanwebinar bagus  mengisi kekosongan     pandemi"
"803","   efektif   mengikuti webinar   menuntut  praktek maka    sesuai    daring"
"804","  iya    orang  mengalami kendala  jaringan akah tertinggal  menghambat   melangkah  tahap "
"805","   pelatihan apapun"
"806","  "
"807","   berdampak"
"808","dampak  ditimbulkan   signifikan"
"809","webiner       mempermudah        kesusahan     webinar   solusi     mengikuti nya"
"810"," cenderung monoton"
"811"," membantu"
"812","  tambahan ilmu"
"813","  dampak"
"814","dikala pandemi   webinar  manfaat    menimba ilmu    aman"
"815",""
"816"," menjaga protokol    dampak       mudah"
"817",""
"818","  cukup   membantu  "
"819","ya pastinya  solusi"
"820","ya  membantu"
"821","   dampak  jaringan  kadang  mendukung   susah memahami pembahasan    webinar  pelatihan "
"822","yacukup"
"823","setujusangat berdampak"
"824","iya contohnya  dpaat mengikuti macam webinar  pemateri  bagusbagus    "
"825"," berdampak    kebanyakan fokus peserta  kegiatan        dipantau   faktorfaktor "
"826","iya"
"827"," mahasiswasiswa   tertarik mengikuti kegiatan    dampak    jarak         dampak apaapa    pribadi masingmasing "
"828"," dampak tapi  signifikan"
"829","ya  mudah  d akses dimana    "
"830","ya cukup lumayan"
"831","iyakarena   informasi    "
"832"," membantu  pedoman mengajar    metode mengajar  daring  memanfaatkan  aplikasi       penerapannya     peserta didik   terjangkau   alasan"
"833",""
"834","webinar  membantu   memanfaatkan media perekaman  dinonton  sesuai   "
"835","  dampak   webinar    beragam   terpaku seputar mata kuliah  mata pelajaran"
"836","webinar  membantu   pandemiselain menambah wawasanhal    mengisi  kosong   pebih bermanfaat"
"837","ya pelaksanan webinar  pelatihan     pandemi memiliki dampak    proses  jarak "
"838","cukup     pengetahuan    ambil      tatap  langsung"
"839","  dampak  proses  jarak "
"840","tergantung webinar  diikuti anak "
"841","ya"
"842",""
"843","dampaknya   signifikan"
"844","enak   pigi "
"845","ya"
"846","iya  berdampak"
"847","yah tergantung  pribadi     menerima  memahami   jarak   dijalankan"
"848","     cukup   penerapakannta      dapatkan  langsung"
"849","webinar  pelatihan cukup membantu    setuju  proses  offline"
"850","iya  bertambahnya pengetahuan         mengerti      pengajar"
"851"," berdampak   tatap   langsung    melaksanakan kegiatan   mengajak      fasilitas it    jarang "
"852","iya"
"853","yupss menambah wawasan "
"854","ya   webinar  menambah pengetahuan    pandemi  alhamdulillah   webinar  dibuka  gratis     manfaatkan  baiknya"
"855","iya"
"856"," webinar  membantu   informasi webinar kadang  sesuai  jadwal"
"857"," dampak  mendengar  jelas       jaringan   mendukung   banyaknya peserta  interaksi  langsung  pemateri     "
"858",""
"859","ya"
"860","iyasangat bermanfaat "
"861",""
"862","             tida   "
"863","ya  dampak   "
"864","pendapat   webinar   dampak  signifikan  proses    sekolah   memiliki keterbatasan akses internet  pengajar   mengharapkan proses   normal  "
"865",""
"866"," berdampak sih"
"867","   berdampak    salah  orang    mengerti  tertarik       tatap "
"868","alhamdulillah cukup membantu"
"869"," dampak    mandiri"
"870",""
"871","iya"
"872","iya  disamping  memperoleh   dosen    tambahan ilmu  webinar   ikuti"
"873"," keren sih  nambah skill  jg nambah wawasan"
"874","  dampak "
"875","menambah pengetahuan    ketahui"
"876",""
"877"," pendapat    webinar  pelatihan  cukup membantu"
"878","iya"
"879","cukup  dampak     gangguan"
"880","ya"
"881"," "
"882","      orang diluar   faham    "
"883","yakarna dilaksanakan nya   buka bertatap "
"884","memiliki dampak   pemahaman    dipaparkan"
"885","berdampak   org   menambah wawasan  pandemi"
"886","  mengikuti"
"887","     motovasi"
"888"," "
"889","cukup     offline"
"890","iyaa    menambah kualitas   pandemic"
"891","   kondisi pandemi   dimana pendidik   amunisi  berinovasi   meningkatkan tpack nya   proses  jarak "
"892","ya"
"893"," membantu  medapatkan   teknikteknik  jarak   "
"894"," membantu     pelatihan     lokasi   tatap "
"895","  terhambat  realisasinya   orang  berbeda motivasi  audiens"
"896","iya  berpengaruh  ilmunya  langsung  praktekkan  "
"897","  "
"898","ditempat    jarak    berjalan  mestinya"
"899"," "
"900"," "
"901","kadang     terapkan"
"902",""
"903","pastinya  memiliki dampak positif  suasana  berbeda   menarik  seminar  "
"904"," dampak positif      pjj   menambah ilmu     maksimal"
"905","webinar   dampak   guru   jarak "
"906","iya berdampak "
"907"," dampak positif    menambah pengetahuan   tatap "
"908","pendapat   webinar  pelatihan  dampaknya cukup     efektif  proses  jarak "
"909","iya"
"910","cukup berguna"
"911","  pengaruh  dimana  orang  join webinar  dibandingkan tatap  langsung   segi hemat    membuang  cukup "
"912"," "
"913","  pribadi masingmasing"
"914","iya webminar cukup memudahkan  kalangan  tertarik   topik    domisili    penyelenggaraannya"
"915","cukup membantu  "
"916"," webinar   pandemi membantu      rumah  memanfaatkan "
"917","bagus nambah pengetahuan  ilmu bgt  berguna   kerja"
"918","  manfaat     orang   ilmut "
"919"," jarang mengikuti webinar dsb    kaitannya  proses   kelas"
"920","iya"
"921"," bagus  pribadi   mengisi   mengikuti webinar  pelatihan   menambah ilmu    didapatkan  kuliah"
"922","webinar pjj cukup memebrikan refleksi  ide ide    daring      terlaksananya ide ide menarik    "
"923",""
"924","ya  menambah ilmu  skill"
"925","  dampak"
"926"," webinar    "
"927","  cukup membantu   pribadi   malas  menghadiri seminar offline"
"928","ya cukup "
"929","ya  webinar  dilaksanakan  gratis  topik   beragam   pilihan tema sesuai minat masingmasing pelaksanaan    mempermudah audience     venue"
"930","   menempatkan   peserta webinar isi webinar    penyampaian  cenderung  menarik  membosankan    menyibukkan         memperhatikan inti  webinar "
"931","lumayan  dampak masuk engganya materinya tergantung si peserta serius nyimak  cuman  esertifikat"
"932","iya"
"933","iya"
"934","ya"
"935"," bermanfaat   disaat pandemi webinar   dilaksanakan"
"936","webinar  pelatihan   membantu      ilmu     rumah"
"937","  dampak    semangat"
"938","setuju webinar  pelatihan  dilaksanakan   pandemi  dampak    proses  jarak      rumah    aktivitas  bermanfaat   produktif  mengembangkan kemampuan      rumah  proses  jarak     menyenangkan   bersemangat  mengikuti kegiatan kegiatan pengembangan    rumah     terbuang sia sia"
"939","ya  dampak   significant"
"940"," perkuliahan    mengikuti  webinar   bermanfaat   gratis"
"941","  berpengeruh   orang    ketidakmaksimalan  proses "
"942","ya  dampak  mengisi kekosongan   mengikuti webinar    meningkatkan skillskill   ilmuilmu  bermanfaat"
"943","  webinar   membantu  proses pjj "
"944","cukup berpengaruh"
"945","  ratarata   mengejar sertifikat    berdampak apapun  proses "
"946","ya"
"947","lumayan"
"948","  cukup  dampak mahasiswa  mengeskplor  luas  otodidak"
"949"," berdampak positif"
"950"," semangat  tips  "
"951","berdampak  proses tapi  berdampak   hasil"
"952","lumayan cukup membantu   orang awam     daring   metodenya membosankan    webinar pelatihan   dilaksanakan cukup membantu    media  metode "
"953"," dampak   karna      pasilitas tehnologi  belaja mengajar anak didik "
"954","  dampak     referensi  pjj"
"955","ya berdampak"
"956","  manfaat   membantu  proses  jarak "
"957","tergantung  jenis  konsep  dibawakam  webinar  kebanyakan webinar  fokus  komunikasi  arah   komunikasi  menimbulkan timbal  cukup minim"
"958","      dirumah  kesulitan  mengikuti kegiatan webinar"
"959","ya"
"960","iya  "
"961"," berdampak "
"962"," membantu    efektif"
"963","ya dampak nya  "
"964","sy  peenah  webinarpernah daftar tp  pelaksanaan jaringan internet  bagus"
"965"," dampaknya  pembuatan media  "
"966"," berdampak  peningkatan kompetensi  keterampilan  guru  menyajikan  berbasis      guru mengikuti kegiatan webinar  pelatihan    referensi guru  memilih metode moda  platform   sesuai     anak didiknya"
"967","ya"
"968"," baguskarena  ilmu   metode   efektif  "
"969","dampak"
"970","iya     webinar guru    memahami      tatap    pelatihan  workshop   jarak  "
"971","ya      kegunaan gadget     main game"
"972","lumayan membantu  berdampak "
"973","iyaa"
"974"," sih         virtual"
"975"," sreg  suka lag"
"976","webinar   pandemi    pengaruh    sayadampak  pjj  pengaruh     ilmu  dapatkan  pandemi "
"977","ya   webinar  salah   mengisi   pengetahuan  bermanfaat"
"978","   langkah    bagus          dilaksanakan  tatap  tapi   tergantung sinyal"
"979","iya karna    gambaran"
"980","bermanfaat  mengisi  luang"
"981","ya khusunya  bertema  teknologi"
"982","webinar jenis   terkait  model  media         dampak positif   memperoleh   metode      media "
"983","ya   mudah mengikuti acara  seminar  jaraknya "
"984","alhamdulilah cukup efektif"
"985","iya"
"986","  bagus  bermanfaat     dirumah    kegiatan    sebatas kbm daring    webinar    ilmu tambahan"
"987","dampaknya cukup    mendengar pemateri   aktivitas   gampang mencari webinar sesuai   "
"988"," banyaknya  membatu   maksimal"
"989","ya dampak  signifikan  membekali guru   variasi pengajaran"
"990"," dampak nya karna  paham   pelatihan"
"991","ya"
"992","ya  pelatihan ddapatpt menambah pengetahuan"
"993",""
"994"," "
"995"," bagus  membantu meningkatkan skill   guru  "
"996",""
"997","ya  variasi metode  penyampaian "
"998","ya"
"999","lumayan berdampak"
"1000"," berdampak  inspirasi  ilmu   pengembangan metode "
"1001","        pelajari maka    berguna"
"1002","cukup    serius  memperoleh ilmu"
"1003","cukup mendukung"
"1004","menambah pengetahuan"
"1005","webinar   dampak  memperlengkapi guru  keterampilan  dibutuhkan  pjj  berjalan  "
"1006","ya"
"1007","ya"
"1008","cukup"
"1009"," dampak  proses  jarak    "
"1010","cukup setuju"
"1011","ya"
"1012","cukup membantu  proses pengajaran"
"1013"," dampak motivasi"
"1014"," maksimal   webinar   ikuti  dasarnya   diterapkan dlm proses  "
"1015",""
"1016","ya"
"1017",""
"1018","ya"
"1019","bagus menambah pengetahuan  keterampilan"
"1020",""
"1021","ya   menambah wawasan"
"1022","iya"
"1023","ya   webinar  pelatihan  menambah wawasan"
"1024","ya"
"1025","ya   pelatihan   kemampuan  inovatif  membantu proses  jarak "
"1026","cukup membantu  kadang prakteknya   ekspetasi"
"1027"," menolong"
"1028","  webinar  pelatihan  dampak  bagus    pengetahuan pengalaman  ilmu   pelatihan  pembuatan media  jarak "
"1029","cukup membantu menambah wawasan ruang    fleksibel"
"1030",""
"1031"," begituq"
"1032",""
"1033",""
"1034","iya   dampak  positif  guru  media   "
"1035","cukup    diajarkan  diterapkan dipembalajaran    jenuh   macam apapun"
"1036","alhamdulillah  dampak  segi kreativitas   guru   media   mengoptimalkan      jenuh peserta didik"
"1037","memiliki dampak positif   mengenal   pengajaran asinkron"
"1038","ya  memiliki  referensi   metode  memaksimalkan  "
"1039","pelatihan webiner     minati "
"1040","banya manfaat  webinar     diterapkan   jarak "
"1041"," membantu  mempermudah guru  kondisi  "
"1042","  iya  manfaatnya tp  keaktifan  "
"1043","ya     jelas  dampaknya khusunya   guru mengelola        dampak  anak  prestasi  kognitifnya   karakter sikap psikomotoriknya  anak   "
"1044","webinar membantu   memahami     lakukan"
"1045"," membantu  berexplorasi"
"1046","ya  berdampak "
"1047","kadang membantu kadang sulit dilaksanakan   webinar  "
"1048","penggunaan youtube  video conference  zoom  cukup "
"1049","aplikasi sikola   sediakan  unhas  membantu  proses  mengajar   tersedia  tugas     ujian  "
"1050","  elearning  mempermudah dosen  mahasiswa   dann "
"1051","webside    membantu disaat offline "
"1052","karna cukup mempermudah"
"1053","elearning  website   kebih mempermudah  proses   "
"1054","  akses  "
"1055","   buku  web perpus"
"1056","tanggapan  yah jujur"
"1057","        mengaksesnya  "
"1058","cukup  mempermudah proses   tugas"
"1059"," elearning cukup membantu  kapasitas pengiriman data terbatas"
"1060"," setuju    e learning    disediakan  kampus  membantu proses    platform komunikasi  mahasiswa  dosen  mendownload modul    media mengumpulkan tugas"
"1061"," setuju    e learning    disediakan  kampus  membantu proses    platform komunikasi  mahasiswa  dosen  mendownload modul    media mengumpulkan tugas"
"1062","cukup setuju    buku    cari  "
"1063","  mudah"
"1064"," elearning kampus    cukup bagus tapi kelas     dosen  memanfaatkannya kebanyakan  aplikasi  kampus  website perpustakaannya cukup rumit  diakses      situs pencarian jurnal"
"1065","  mempermudah    pelajaran  dibutuhkan  diakses  sistem elearning"
"1066","  pribadi cukup setuju  sistem   terapkan  kampus   mudah   pahami    sulit  sebahagian orang  cukup gaptek"
"1067","    jangkau  jaringan internet"
"1068"," memudahkan orang orang   bandung"
"1069"," setuju   mencari  mudah      dosen"
"1070","elearning    cukup mumpuni"
"1071","mempermudah    elearning   terdokumentasikan      membutuhkan  minggu    mengaksesnya"
"1072","cukup sulit mengakses"
"1073"," mempermudah   praktis"
"1074"," dimanfaatkan"
"1075","cukup setuju  terkadang website downatau  utsuas     menjadikan buruburu  meng upload file"
"1076"," mendukung       pakainya"
"1077","setuju"
"1078"," "
"1079","cukup bagus aja"
"1080","  sistem e learning kampus   kemudahan    telat mengumpulkan tugas   diinput hhe"
"1081","  efektif"
"1082","    cukup membantu"
"1083","  cukup mempermudah   akses  menjalankan sistem "
"1084","ya  membantu untukwadah  bahan ajar  pengumpulannya"
"1085","peserta didik memanfaatkan fasilitas    perpustakaan sekolah  menunjang tugastugas sekolahnya"
"1086"," website perpustakaan cukup       buku   "
"1087"," membantu"
"1088","iya  membantu"
"1089","tergantung jaringan"
"1090"," memudahkan  informasi  dibutuhkan"
"1091","  buku  sesuai  mata kuliah  diajarkan"
"1092"," tau jg"
"1093","cuku bagus  proses "
"1094","keberadaan website perpustakaan  cukup membantu proses    sepenuhnya  kendala   "
"1095",""
"1096","  bagus"
"1097"," website perpustakaan resmi memudahkan  mencari materimateri tambahan  mata kuliah   tugas"
"1098"," membantu karenamasa   orang  menghabiskan   bermain gadgetjadihal   menyusahkan"
"1099","sistem elearning  mempermudah sistem beljar  mengajar  metode jarak "
"1100","  literasi  referensi  "
"1101","lumayan    kekurangan"
"1102","   daerah  perpustakaan"
"1103"," "
"1104","  mempermudah    mencari tugas    dosen"
"1105","    cukup  kemudahan  "
"1106","santai relax"
"1107","cukup memudahkan  mencari  "
"1108","    dimana "
"1109","   referensi  disediakan      mempermudah  proses     pandemi  membatasi  individu  kelompok  bergerak   berbagi ilmu   "
"1110","cukup membantu"
"1111"," kualitas  dikampus  "
"1112","    fasilitas "
"1113"," guru cukup mudah   peserta didik  tergolong rumit  pengetahuan it   "
"1114"," tersedia sarana  prasarana  memadai"
"1115","dulu  elearning   error"
"1116","ya  mempermudah  kuliah   kemarin  zoom google meet  fasilitas kampus    website elearning  vlpoltekpos"
"1117"," mudah mencari rekapan nilai"
"1118","setuju  nambah ilmu   cepat  memperoleh buku    perpus langsung"
"1119"," kampus disediakan perpustakaan  wifi    pemerintah  menunjang mahasiswa  membuka pocadi pojok baca digital  perpustakaan   memudahkan  mahasiswa mengakses internet  website keilmuan"
"1120","mempermudah "
"1121"," kegiatan    sifatnya    direncanakan  penyiapan sarana  prasaranapun  berjalan"
"1122","aplikasi e learning sekolah     pandemi"
"1123","lengkap"
"1124","  tingkatan   banyaknya kekurangan  orang berbeda  tapi  tatap  utk kesempurnaan   kalimah gak pa kaliyah"
"1125","sistem elearning  website perpustakaan memudahkan akses   peserta didik"
"1126","    website perpustakaan d sekolah "
"1127",""
"1128","iya  terkadang    butuhkan   tersedia"
"1129"," mempermudah   "
"1130"," membantu     "
"1131","mempermudah   lengkap  perpustakaan kampus"
"1132"," tersedianya elibrary"
"1133","cukup "
"1134","iya    mudah mencari referensi  informasi    web"
"1135","gak berjalan samsek  poltekpos"
"1136"," berjalan    suka membaca  perpus"
"1137","cukup membantu"
"1138"," mengakses  internet  jurnal  buku "
"1139","cukup membantu   tugas  referensi nya  cukup menjamin aman"
"1140"," mempermudah  proses "
"1141","iya karna mempermudah  memperoleh    d  dosen"
"1142","apk    mengikuti   lumayan  mempermudah   melaksanakan tatap    sekedar via layar kaca  "
"1143"," sy  memiliki perpustakaan belara  daring"
"1144","karna website  institut dimana   mempermudah  "
"1145","karna   mencari referensi  google   membaca jurnal"
"1146","mempermudah  mengirim tugas    dosen  mengunduh     dosen"
"1147","  website perpustakaan     akses  "
"1148","setuju    pandemi  sistem elearning    diberlakukan  kondisi dimana  haru  dirumah   keamanan       efektif   meningkatkan keaktifan     kontak langsung  guru    mental   terbentuk"
"1149","  membantu  mahasuswa   tugas"
"1150","gak   "
"1151"," berjalan"
"1152"," system   menunjang pengetahuan  mendalam"
"1153","     mengajar ratarata  google classroom   memiliki lms  jal   persiapan  "
"1154","   partisipasi aktif  peserta   mencari referensi   elearning  web perpustakaan  menyediakan bahan    membantu peserta didik  "
"1155","   sumber   google"
"1156","sistemnya   evaluasi  meningkatkan layanan   mudah  akses"
"1157","  terap difasilitasi  gemar membaca    isi  mendalam  isi buku"
"1158","  dipinjamkan buku paket"
"1159","e lerning  siapkan  pengumpulan tugas  cukup mudah"
"1160"," "
"1161","cukup setuju"
"1162","  aplikasi   membaca buku  literasi"
"1163","iya   maksimal"
"1164","fitur sistem aplikasi elearning   bermanfaat  dpat    mengajar"
"1165","kampu   memiliki web perpusatakaan"
"1166"," pasilitas  maksimal"
"1167","sistem elearning    mendukung proses  jarak   "
"1168"," dibantu  pelatihan fasilitas  aplikasi premium berbayar"
"1169",""
"1170"," elearning   cukup mempermudah  proses      mengirim tugas"
"1171","membantu  informasi  valid"
"1172","yaa   mempermudah   mencari   cari   "
"1173","mempermudah"
"1174","   fasilitas "
"1175","y"
"1176"," cukup bagus     memiliki aplikasi resmi  playstore"
"1177","elearning tapi   guru  tugas  murid   mengajarkan   "
"1178","  elerning  membantu   proses    simpel"
"1179"," tau    membuka web perpustakaan dosen  cepat   persis    dosen bahas  minim misscom"
"1180","     pandemi  siap  perkembangan teknologi  "
"1181","web e learning kampus  memudahkan   mahasiswa  mengakses   video  ppt mengumpulkan tugas     rapi  terdokumentasi  "
"1182"," akses   jalankan  "
"1183"," cukup setuju  mudah diakses     kuota"
"1184","lms  disediakan kampus   cukup bagus"
"1185"," penjelasan"
"1186","akses jurnal mudah  akses buku perpustakaan  sulit"
"1187","  pertemuan dosen mengirimkan  beserta penjelasannya  mengadakan zoom    dosen   mengirim     penjelasan   mengadakan zoom"
"1188","sekolah menyediakan web khusus  mudah dijangkau    mengalami halhal  memberatkan"
"1189","website  kampus  cukup tertata  rapih  mudah  mencari   tiaptiap pertemuan"
"1190","membantu "
"1191","fasilitas elearning  disediakan  cukup bagus  mumpuni   terkadang sulit  akses"
"1192","cukup setuju disisi positif  membantu   kegiatan  disisi   server  overload  bertabrakan jadwalnya  fakultas  maka sistem  down  menunda  "
"1193"," website lama diakses    diakses   mahasiswa   mengakses"
"1194","karna  enak membaca  perpustakaan langsung"
"1195","websitenya  memudahkan"
"1196","website kampus  suka error  terkadang memperhambat    kegiatan perkuliahan"
"1197","  berkuliah  unej  sister unej  membantu   proses absen pengumpulan tugas pembagian link zoom   "
"1198","sistem elearning  efektif  mengumpulkan tugas  mengakses  website perpustakaan  lengkap   mengakses website jurnal"
"1199","cukup     internet   sumbersumber       lengkap"
"1200","setuju  e  learning membantu   mudah    jarak   mudah  mengumpulkan tugas  hasil kerja "
"1201","okay "
"1202","    mahasiswa   akses perpustakaan  univeristas"
"1203","cukup setuju   modulmodul terkait   diajarkan tersedia  elearning   peminjaman buku  perpustakaan    offline   tersedia  siakad      maksimalnya mekanisme peminjaman  "
"1204"," website perpustakaan memudahkan   megeksplor buku   mengunjugi perpustakaan  langsung   efisien   tenaga"
"1205","semenjak pandemi elearning  kampus   update   nyaman     mahasiswa"
"1206","   pandemi kampus    aplikasi elearning  mudah dipahami    adaptasi "
"1207","ya   mengakses perpustakaan  halnya perkuliahan  offline dulu   mendaftar sehari "
"1208"," bermanfaat   mudh dpat referensi    hrus  rumah"
"1209","cukjup sulit diakses"
"1210","ebook    digilab kampus   cukup membantu   tugas"
"1211"," informasi    "
"1212","pencarian mudah"
"1213"," didukung sarana memadai"
"1214","   sumber  internet     website perpustakan  emng  "
"1215","karna  mempermudah  proses  mengajar jarak "
"1216","perpustakaan elearning   miliki"
"1217","   refrensi  mengajar"
"1218","website perpustakaan  optimal"
"1219","cukup setuju   kampus   cukup    efektifitas perkuliahan dimasa pandemi     terlaksana  maksimal"
"1220"," jarang menggunakannya"
"1221","elearning  menunjang    "
"1222"," setuju  elarning perpustakaan membantu   koleksinya  "
"1223"," menambah refrensi mengajat"
"1224","perpustakaan    pandemi"
"1225"," disekolah sekolah jaringan internet  "
"1226","perpustakaan  msh manual jd anak  k sekolah klau  membaca buku"
"1227","e learning nya   berfungsi"
"1228","website sekolah  elearning perpustakaan sekolah  dikelola  maksimal    dijadikan  salah  referensi   "
"1229","sistem elearning  diakses  mudah"
"1230","mendukung anakqnak  proses "
"1231","mudah"
"1232","elearning bda  website perpustakaan  website perpustakaan  sekedar referensi  literasi  elearning  kompleks disana  proses   evaluasi"
"1233"," "
"1234","seringkali terkendala memgenai jaringansinyal"
"1235"," cukup jelas  mudah  pahami"
"1236","tautan    sekolah  mempermudah  mengumpulkan tugas  penilaian"
"1237","cukup"
"1238","cukup mempermudah  website perpustakaan  "
"1239","  website perpustakaan  sekolah "
"1240"," universitas    sistem luring  daring dilakukans  bergantian    kemarin   jelas maka   dihari   pembelajaram  luring"
"1241",""
"1242"," mempermudah tapi mempersulit"
"1243","     terhubung  elibrary"
"1244","i"
"1245","  pandemi elearning    mencari informasi tambahan"
"1246",NA
"1247","cukup membantuu"
"1248","  sma        kbm  gangguan  sinyal  gurunya"
"1249","sistem elearning  kampus  semenjak semester    buruk  semester   error   sampe  menjelang deadline"
"1250"," perangkat   cocok  diterapkan  menunjang kbm   pandemi"
"1251"," membantu  menambah ilmu   learning"
"1252"," mempermudah mencari "
"1253","tergantung orangnyaada  suka   tata "
"1254","yadisklh ckp  perpustakaannya"
"1255"," memudahkan    guru"
"1256","website perpustakaan     memadai    buku   berbayar"
"1257"," memenuhi syarat  kegiatan elearning"
"1258"," berjalan  "
"1259"," salah  bahan referensi"
"1260","pemanfaatan perpusatakaan disekolah    metode manual  peserta didik  pendidik diwajibkan  mencari alat    web   mempermudah   menyerap  mengembangkan pengetahuan  diajarkan"
"1261","cukup"
"1262","setuju cukup membantu"
"1263","  sistem elearning  terintegrasi"
"1264","saran  prasana memadai  kampus"
"1265"," sepenuhnya mempermudah "
"1266","bermanfaat  literasi"
"1267","perpustakaan    bentuk offline"
"1268","membantu  mencari "
"1269","ya"
"1270","cukup membantu"
"1271","cukup membantu   jarak "
"1272","cukup setuju"
"1273"," setuju"
"1274"," buku    perpus   buku digital  peran  peserta didik  terlampau antusias"
"1275"," vasilitas data internet"
"1276"," memakai sistem e learning tapi kalo diterapkan  sekolah  mendukung"
"1277",""
"1278","website perpustakaan  dimanfaatkan"
"1279"," mpermudah"
"1280"," memudahkan anak"
"1281","ya"
"1282",""
"1283","   mencari sumber   buku    perpustakaan"
"1284","meminimalisir kontak langsung"
"1285","elearning cukup mempermudah  proses  mengajar dimasa pandemi"
"1286","sekolah   perpustakaanelearning"
"1287"," memudahkan   mencari informasimateri  "
"1288","  bahan ajar "
"1289","  website perpustakaan"
"1290","sistem elearning     sebatas web sekolah  digunkan  ujian  perpustakaan blum terintegrasi    pengembangan"
"1291"," membantu  menjangkau    mudah  cepat"
"1292",""
"1293","cukup "
"1294"," membantu"
"1295","wify  memadai"
"1296"," sekolah   menerapkan perpustakaan "
"1297","  berantusias  membaca   bermain game on line"
"1298","  google classroom    statis  memudahkan    urutan posting tugas seringkali berantakan  anak terlewat  tugas maka   jenuh  scroll kebawah  tugas     menumpuk"
"1299","fiftyfifty  fasilitas nya  lengkap"
"1300"," memiliki referensi   "
"1301"," berharap   ajaran     tatap "
"1302"," lengkap"
"1303","   dilapang  sesuai ekspektasi"
"1304","sekolah  memfasilitasi e learning"
"1305","  e learning  perpustakaan  mendukung   "
"1306","  perpustakaan e book  proses"
"1307","proses elearning sudahbberjal   webperpus madihbperlubpenataam"
"1308"," sangab memudahkan guru  murid  proses kegiatan   mengajar"
"1309","sekolah     google edu   guru  murid  google suites elearning   moodle sekolah  perpustakaan memakai smart library"
"1310","koneksi internet"
"1311"," jaringan  kuota internet"
"1312","jaringan   stabil kondisi rumah  berisik  mengganggu konsentrasi "
"1313"," jaringan  fokus  berjamjam  hp  laptop   kelelahan"
"1314","praktikum  maksimal"
"1315","hambatanya  jaringan   listrik padam maka jaringan   stabil"
"1316","  sih  "
"1317","kuliah  whatsapp perkuliahan   chat basa basi   bertemu     membalas wa teman  perkuliahan  perkuliahan  whatsapp terkesan   efektif  kurangnya pengawasan  dosen  mudah  mahasiswa  memperhatikan perkuliahan  "
"1318","kartu data     mahasiswabeda  mahasiswa  "
"1319"," hambatan    kurangnya jaringan internet       pelosok   sekolah dasar   pandemi       memiliki alat  handphone       mudah   handphone  anak dibawah umur    diawasi  orang tua"
"1320","   "
"1321","jaringan kuota"
"1322","hambatanya  terkadang akses internet   kuat  menghambat proses   sistem  "
"1323","hambatanya  terkadang akses internet   kuat  menghambat proses   sistem  "
"1324","ya jaringan"
"1325","   jaringam   bersahabat"
"1326","pengadaan kouta internet sistem pembayaran spp   memahami kondisi keuangan mahasiswa kurangnya pelayanan  kampus"
"1327","  jaringan  tibariba buruk  mengganggu proses     praktikum    efektif    langsung   dosen"
"1328","hambatan utamanya  jaringan   daerah  sulit   jaringan  pemadaman listrik  kalo pemadaman listrik kadang   berpengaruh  lancar tidaknya jaringan   berkaitan    "
"1329","   hp android    jangkau jaringan internet  kuota  data mahal    subsidi"
"1330"," kuota    pembahasan   dimengerti "
"1331","jaringan  kadang hilang tibatiba"
"1332"," jarak   terhambat  akses internet terkhusus mahasiswa  tinggal  pedesaan  daerah terpencil "
"1333","hambatan   segi pemahaman    dosen  penjelasan     pemahaman  "
"1334","jaringan buruk media     dosen dominan monoton   jenuh  bosan  dominan  interaktif pembelajarannya cenderung tugas  tugas   murid menumpukpenyerapan  pelajaran  minimalis"
"1335","sinyal  konsentrasi"
"1336","   memiliki cukup akses    jarak "
"1337","hambatan sinyal"
"1338","sinyal  jelek"
"1339","  alhamdulillah internet  listrik  lancar"
"1340","kuota internet"
"1341","  pengerjaan tugas kelompok agak  efisien"
"1342","  matkul sulit dipahami   dosen    video  ppt"
"1343","cukup"
"1344","sinyal koneksi    memiliki sinyal  bagus"
"1345"," hambatan utama    keluhkan  mahasiswa     jaringan   mendukung         fasilitas   "
"1346","adasinyal  utama   tugas  bertumpuk  dealine    cepatnya"
"1347","  peserta didik   mengakses aplikasi  on line  terkendaka jaringan   disiplin"
"1348","kuota internet"
"1349","jaringan   menentu situasi    kondusif"
"1350","name"
"1351","  kampung terkendala jaringan"
"1352","jaringan"
"1353"," jaringan    tugas   ujian  limit   open book  dosen berfikirnya mudah  mengerjakannya  kenyataanya     kali lipat susahnya  penjelasan   dipahami  keterbatasan media   "
"1354","   paham  pelajaran matematika  pelajaran    betulbetul dipahami"
"1355","hambatanya     jaringan   memadaidan fasilitas     hp  "
"1356","    terjangkau    disebabkan  lokasi  tinggal   memiliki akses internet  memadai   kuota internet yng disiapkan pemerintah kadang  cukup  memenuhi kebutuhan kuota  "
"1357","byk"
"1358","kendala teknis   mata kuliah berpraktikum"
"1359","hambatan   berpengaruh   akses internet   tau kualitas jaringan berbeda disetiap "
"1360"," "
"1361","jaringan   stabil kuota iinternet "
"1362"," ketidakmampuan orang tua   wilayah pedesaan  penggunaan media    sinyal   "
"1363","jaringan     hilang"
"1364","jaringan  kebanyakan pedesaan  jaringan  kuota   app  haru  download  menimbulkan  kuota  terkuras"
"1365"," jaringan  kuota  terbatas"
"1366","jaringan   bagus  pulsa data  cepat habis      aplikasi zoom   menerus"
"1367","hambatan utama  koneksi internet  disetiap wilayah memiliki kualitas jaringan  berbeda"
"1368","data terbatas  pemerintah pelit"
"1369","kuota internet  lumayan    efisien  "
"1370","kurangnya fokus peserta ajar   berkumpul   ruangan  "
"1371"," "
"1372"," komunikasi  langsung  jaringan  mengakibatkan tertinggalnya pembelajarankurang jelas   menerima    bosan  mudah lelah   lama   laptop  handphone"
"1373","jaringan   sosialisasi  dosen  teman"
"1374","kurangnya jaringan  tinggal  daerah"
"1375","hambatan    informasi       kadang lambat diterima  kegiatan   berbeda  harinya  akses internet   terbatas  sinyal internet   normal  merata     lambat dipahami  proses      guru  berjalan   proses belajarmengajar dikelas    peserta didik   terkontrol   kegiatannya berbeda  "
"1376"," koneksi jaringan   menjangkau daerah  terpencil"
"1377","kuota internet  sinyal jelek"
"1378","ya hambatan nya  jaringan   stabil manajemen       sesuai  jadwal permasalahan kuota    "
"1379"," terkendala jaringan perangkat   tingkat pemahaman penggunaan it  berbeda  smua "
"1380","hambatannya  koneksi jaringan  beda  beda  jaringannya"
"1381","jaringan  kadang  stabil"
"1382","jaringanpake data"
"1383","kualitas jaringan  prangkat karna     mesti   jarak "
"1384","kendala   jarak   kuota  dimiliki   jaringan internet   berbeda beda"
"1385","kondisi latar  pendidikanekonomipsikologis  siswaorang tuamasyarakat  permerintah"
"1386"," kebingungan   terbiasa gaptek   "
"1387"," jaringan internet  kadangkala mengalami gangguan  sulitnya mengontrol   off kamera  keterbatasan penanaman karakter  perangkat hp  laptop   bersamaan  peserta didik  kakak adik"
"1388","hambatan   jarak   keterbatasan jaringan internet  kurangnya partisipasi  minat   proses  jarak "
"1389",""
"1390",""
"1391","kendala data dimana penggunaan data    kendala jaringan   dirumah   orang   tinggalnya memiliki akses internet"
"1392"," koneksi internet  kadang  stabil    mengantuk  durasi kefokusan menurun  adab   disepelekan     teman diskusi langsung"
"1393","jaringan kuota habis mati listrik"
"1394","fokus pelajar fasilitas  memadai televisi    maksimal kebanyakan drama program edukasi  minim"
"1395",""
"1396","ketidak tepatan  dosen  jam matakuliah tugas   "
"1397","bingung"
"1398","  jaringan koneksi  komunikasi"
"1399"," jarak   kuota       pahami"
"1400","     jaringan data kadang  ditambah koneksi  buruk mengakibatkan susah masuk elearning  zoom  meet    "
"1401","susah sinyal  stres  karna  tinggal  desa memasang wifi    tetep ngeleg    kuliah    mencari jaringan  bagus    stres   tugas  menumpuk   berkutat   rumah "
"1402","jaringan internet   "
"1403","hambatan   jaringan    d perkampungan cukup sulit   jaringan  "
"1404"," utama  kendala jaringan"
"1405","ya  hp eror  aplikasi    metode   lambat"
"1406","hambatan  sinyal"
"1407","jaringan   pmbelajaran  zoom"
"1408","kendala   jarak     jaringan  terkendala   perkuliahan "
"1409","hambatannya   kualitas jaringan  kadang  mendukung  menghambat "
"1410","kendala  jarak    perekonomian    berasal  keluarga      beli kuotabahkan   handphoneselain   sinyal   bagus  biasannya  tinggal  pelosok desa   sinyal"
"1411"," terkendala jaringan  kampung"
"1412","kendala  jarak   kuota  sinyal  kadang hilang"
"1413","jaringan  segelintir mahasiswa   merasakan  berbada  mahasiswa    perkampungan  segi efektifitas     langkah  modern      mahasiswa terkadang   faham  tata   diajarkan    memahami proses  praktek  oflline     memahami       "
"1414","malas   e learning   pengawasan  langsung"
"1415"," pembekalan  persiapan  elearning    sosialisasi  penggunaan elearning disekolah    alat evaluasi proses  uang "
"1416"," koneksi jaringan terganggu  interaksi   partisipasi  keaktifan peserta "
"1417","kendala  jarak   internet   stabil perangkat  rumah   memadai"
"1418","koneksi internet kadang  stabil"
"1419","  sinyal  sinyal  wajar maka   tertunda  mengecewakan   anak didik mapun pendidik    bersalah   sematq mata  pendidik   lama   membawa pendidik   minder     mengajar  anak didik    memahami konsep  "
"1420"," hambatan     gawailaptop  gawai   orang tua   ojek   gawai  pakai  enam anak  rumah  bergantian  kuota      bangun siang  semangat  menyelesaikan tugas      daya juang rendah  apatis  asik main game "
"1421","sinyal nya susah  paham  "
"1422","    memengang hp  hp dibawa kerja orangtuanya  jaringan  terbatas kadang dikasih video  digrup  komentar orang tua      dibuka  lingkungan   mendukung  "
"1423","kuota sinyal listrik  terkadang tibatiba padam  malam   sinyal  hilang"
"1424","internet   maksimal   orang tua  guru  kepemilikan hp      memiliki hp  "
"1425","hambatan  alat pulsa    greget  "
"1426","hambatan  proses  jarak   kurangnya insensitas  interaksi  layaknya tatap     dipaparkan susah  dicerna"
"1427","hambatan   tugas kadang kesulitan  "
"1428","keterbatasan sinyal  ilmu it   pas pasan"
"1429","keterbatasan pulsa kelancaran jaringan"
"1430","kendala  jarak      membuka kamera       wajahnya kadang    berespon"
"1431","kendala  jarak  akses internet"
"1432"," hambatan   jarak   akses internet terkadang   menghambat"
"1433","gangguan jaringan keterbatasan alat"
"1434","kendala  jarak           terbatas  tugas  menumpuk "
"1435","kurangnya pemahaman  mata kuliah praktek"
"1436","koneksi internet kedisiplinan    "
"1437","kuota terbatas"
"1438","tercampurnya fokus    pekerjaan rumah"
"1439","lingkungan rumah  berisik terkadang cukup mengganggu konsentrasi   menyerap pelajaran kualitas jaringan    diprediksi buku tulis    berguna    pake word  membeli buku tulis    akal  akalan sekolah  mencari uang"
"1440","  hambatan  dialami  terkendala  jaringan"
"1441","hambatannya dosen    merekam      cukup susah  mengulang     rumah  susah konsentrasi   membantu orang tua"
"1442","kualitas jaringan   mental   tugas  "
"1443","  internet   orang memiliki akses  internet   memiliki akses internet    sinyalnya bagus  support  perkuliahan terkadang  kendala  mati listrik  wifi error  meresahkan  pd  quiz  ujian "
"1444","terkadang terhambat  jeleknya jaringan tapi   diatasi"
"1445","  sinyal cukup  hambatan    batasan   tugas maksud     berjamjam   sore   kelas   dituntut   menyelesaikan tugas       istirahat "
"1446","<U+393C><U+3E35> guru   tugas   diskusi  penjelasan  <U+393C><U+3E35> pemberian tugas     pekan  pekan sehinggu  peserta didik     merawat   gurudosen cenderung mewajarkan begadangtidur larutkurang tidur  <U+393C><U+3E33>kerja keras<U+393C><U+3E34> <U+393C><U+3E35> sinyal  kuota internetpulsa   memadai  melaksanakan    tugastugas   risetmencari    sumbernya <U+393C><U+3E35> kurangnya bonding  guru  peserta didik "
"1447","sinyal gadget  kalo mati listrik auto miss kelas"
"1448"," sinyal  mendukung   wilayah  sulit   sinyal  dosenguru  menguasai aplikasi       terhambat  terkadang menghabiskan   cukup    teknis  lingkungan  kondusif   siswamahasiswa tinggal  lingkungan  nyaman    suasana rumahkeluarga   harmonis menyebabkan  fokus mengikuti "
"1449","kurangnya pemahaman  boros  kuota  efektif"
"1450","hambatannya seringkali guru menyuruh murid  on cam   tau   murid   suasana rumahnya  mendukung       koneksi jaringan  guru   mentolerir"
"1451","  hambatannya  demotivasi  demotivasi     bersemangat     bersamaan  guilty        lakukan"
"1452","sinyal  suara dosen   suka ngadat       sulit   typical anak   mudah mengerti    tatap "
"1453"," efektif   diskusi kualitas jaringan internet   daerah     paket data"
"1454","server down koneksi internet  kadang lemot   listrik  mati lampu"
"1455","sinyal kuota  deadline  dipersempit dosen   bertanggung     semestinya    mahasiswa  eksplor"
"1456","sinyal  mendukung   dipahami sulit mengenal teman"
"1457","  sulit  memahami   sumber   diakses   gravitasi kasur  kuat"
"1458","  hambatan   alami       terkadang jaringan hp  suka hilang  lingkungan rumah   berisik  susah  fokus  proses perkuliahan"
"1459","jaringan   tinggal    terkadang   sinyalnya  terkendala zoom"
"1460","  teknis  jaringan  hardware  terkadang error terkadang   gangguan dirumah   situasi   kondusif"
"1461","hambatan   berasal  guru guruguru    siap  mengajar sistem   guru   mengajarkan   youtube     daring tugas   guru    disamaratakan  tugas  offline      kurangnya  istirahat   hambatan   internet  perangkat   hambatan  ketiga  orang tua orang tua  memahami  anaknya   kelas  rumah   kamar orang tua  menimbulkan distraksi"
"1462","keaktifan     jarak   sulit dikontrol  keaktifan        menyimak sinyal   sinyal  kadang     sinyal   penerimaan informasi  pengumpulan tugas  terlambat"
"1463","internet kadang on off"
"1464","sinyal terkadang susah"
"1465","hambatan    terkait sinyaljaringan   stabil  kendala listrik  padam  tibatiba   pengeluaran  pembelian kuota  meningkat  kemendikbud   kuota bantuan  penggunaan aplikasi  daring     menyebabkan kuota bantuan  habis   "
"1466","hambatan terbesar   jarak    jaringan   stabil   yamg bertempat tinggal  desa  dimana akes  jaringan internet   bagus"
"1467","hambatan interaksi  pengajar  pelajar hambatan  memahami  "
"1468","sinyal internet"
"1469","gangguan sinyal  hujan   akibatnya suara  diterima putusputus  kadang screen   dishare  "
"1470","jaringan pengajar blum terlatih"
"1471","kualitas internet cukup sulit   tinggal didaerah  sinyal  memadai     terhambat   menunggu    sinyal    terbuang"
"1472","  pelaksanaan tugas praktik  membutuhkan  orang       "
"1473","hambatan   ketersediaan kuota  terbatasnya hp terkadang gangguan jaringan   "
"1474","jaringan   stabil"
"1475","   memiliki perangkat gaway   sinyal    geografis "
"1476","hambatan nya   anak    fasilitas    hp laptop  biaya pendukungnya  beli kuota     anak  malas   metode daring anak  faham   sinyal  kadang  stabil"
"1477"," stabil sinyal kebanyakan anak   hp   kebeli paket"
"1478","motivasi  semangat peserta didik  mengikuti pjj   dimana   anak  mengikuti pjj    kendala perangkat  quota   mendukung"
"1479"," kendala kuota   terpantau langsung"
"1480","keterbatasan paket internet     penggunaan hp    dipakai  bergantian  adik  kakak"
"1481","kendala  jarak   dosen    memanfaatkan media daring  internet   kali terkendala praktikum   terlaksana  maksimal  "
"1482"," jaringan  terkadang  stabil"
"1483"," fasilitas    dimiiki    memadai"
"1484","jaringan"
"1485","aamiin"
"1486"," dipahami materinya"
"1487","kendala  jarak   kuota     ilmu it   "
"1488","kendala  jarak  yaitua sinyal internet    baguskemampuan   beli paket data tidah  mampuanakanak  fokus belajarlebih fokusbermain game pantauan orang tua   maksimal  mendampingi anaknya "
"1489","hambatan  sulit memantau kegiatan    sulit  menilai kejujuran hasil pekerjaan  penilaian       disiplin   onlineterutama  penyelesaian tugas   efektifnya pendampingan  orang tua  minimnya fasilitas media elektronikhp laptop  dimiliki  "
"1490","pjj  berjalan efektif  ditunjang  dukungan  orang tua  pendampinganpengawasan fasilitas  lengkap perangkat  jarak   letak domisili  menentukan kualitas jaringan internet  terlepas    kunci utama efektifitas    pendampingan  motivasi  orang tua keluarga  lingkungan   pointpint hambatan     kesenjangan perangkat  smartphone laptop televisi radio  kesenjangan ekonomi pengadaan kuota internet  kesenjangan sinyal internet blank spot gsm edge g g  kurangnya pendampingan  orang tua  "
"1491","kendala  jarak   kuota internet  memadai  jaringan internet   stabil"
"1492","   memiliki keterbatasan koata   "
"1493",""
"1494","hambatan       orangtua menyediakan sarana  prasarana  jarak   lengkap  gawai  kuota data internet  terbatas  orangtua"
"1495","  anak  hp"
"1496","hambatan   utama   tanggung   kepedulian   menurun"
"1497","adaterkadang sinyal jelek"
"1498","    hambatan    ya      kondisi   didorong  mengerti  menguasai teknologi  kesuksesan  mengajar   ikuti  arusnya"
"1499","jaringan "
"1500","hambatannya  terbatasnya kouta internet"
"1501"," terkendala memori  kuota"
"1502","sinyal   sinyal   mempengaruhi proses  jarak   sinyal   utama dlm berjalannya   lancar "
"1503","sinyal"
"1504","hambatannya  tugas    tugas video      keberatan"
"1505","kuota sinyal motivasi   keterbatasan penyampaian dlm topik "
"1506","jelas   cukup     quota hp rusak sinyal  bagus mati listrik anak jenuh        sebentar list presensi  pergi tidur  beraktivitas     aktif  kbm"
"1507","jaringan internet  lambat"
"1508"," sih   kuota nya abis  bosen ya "
"1509","sinyal kuota media komunikasi"
"1510","hambatan    sinyal  sulit dihindari kecuali memiliki jaringan internet  bagus"
"1511","    dirumah      dilakuin duluan  pekerjaan rumah  kuliah niat ambis   berkurang   tugas    mepet bermalasmalasan kurangnya bermotivasi   "
"1512"," sekalidiantranya keterbatasan kuota  maksimalnya kntrol  pengawasan  peserta didik  keluhan  orang tua  timbulnya perasaan malas  maksimalnya pembelarajaran "
"1513","sinyal   daerah kuota"
"1514"," hambatan nya pelajaran susah  dimengerti"
"1515","yasinyalbuka website bulak balikbertanya   sepenuhnya  dipahami"
"1516","hambatan        termotivasi    jarak  mengajar sedikir  full"
"1517"," jaringan internet"
"1518","  hambatan     penyelenggaraan  jarak   permasalahan jaringan  deadline tugas  cepat  dosendosen   "
"1519","hambatan     kuota internet kadangkadang kuota habis ditengah berlangsungnya  jarak "
"1520"," "
"1521"," kurangnya partisipasi "
"1522","     dikarena   terbiasa   jarak   "
"1523"," "
"1524","kendala  jarak   keterbatasan ekonomi  sulit bertahan  qouta internet  cukup  proses "
"1525"," peserta didik menyalakan kamera   fokus  mendengar penyampaian mater  kredibilitas hasil    akurat"
"1526","kurangnya motivasi  anak saran prasana internet smartphone   anak memilikinya kurangnya penyuluhan  teknologi  anak  orangtua gaptek"
"1527","kendala  jarak     aktif  mengikuti   tugas     guru"
"1528","anak anak jenuh   semangat     bertemu teman teman"
"1529","respon   sulit ditangkap guru    mematikan kamera   aktif  merespon"
"1530"," kadang  disiplin   maksimal"
"1531","  mengenal karakteristik anak penyampaian   maksimal"
"1532","berinteraksi  langsung "
"1533","sinyal kuota"
"1534","hambatan   nya sinyal koneksi"
"1535"," "
"1536","  program agak sulit        peserta didik  kesalahan  sulit   penjelasan"
"1537","banyaknya orangtua    anak  memiliki hp pribadi  hasil  maksimal terkadang  hambatan jaringan internet"
"1538","  jaringan  kadang hp  laptop bermasalah "
"1539","    anak  langsung  soalsoal         anak        "
"1540","kuota  cukup    jaringan  kadang  "
"1541"," internet error kuota mahal"
"1542"," proses    berjalan  maksimal"
"1543",""
"1544",""
"1545","adainternet  stabilhp  eror"
"1546","kemampuan it  "
"1547","sinyal jaringan internet  stabil"
"1548","hambatan  kuota  sinyal  terbatas"
"1549","jaringan   menentu    guru  "
"1550","kuota internet   kali habis jaringan jelek motivasi     menurun   terlena  rumah konsetrasi     kalahkan  game    kerjasama  orang tua pendampingan "
"1551","hambatan  pengumpulan hasil     terlambat"
"1552","     memiliki peralatan  pjj   hp laptop  kkmputer"
"1553","jaringan kadang terganggu kuota  terbatas kendali  agak sulit"
"1554","   kuota  hp bergantian"
"1555","kuota internet      jaringan  terkadang putus putus"
"1556","   memiliki hp "
"1557","hambatan     pln  stabil  sinyal"
"1558","kendala  jarak   sinyal   memadai respon orang tua  acuh   anak  termotivasi"
"1559","kendala  jarak        tugas   guru  alasan hp rusak    kuota        "
"1560"," sdm guru  mumpuni  menekuni bidang it  internet sekolah seringkali intermitten  kondisi ekonomi peserta didik  guru tertekan  kurikulum   padat  membebani   tugas          kondisi   dirumah  standby  hp    membantu orang tuanya "
"1561","hambatannya koneksi internet"
"1562","      mengikuti pjj     alasan"
"1563","  hambatan"
"1564","kendala  jarak   ketersediaan kuota siswasinyal terkadang lemah dukungan orang tua  "
"1565","  sinyal    ajar "
"1566","    mengumpulkan tugas  google meet  alasan kuota  perhatiannya orang tua   jarak   karna sibuk kerja     bermain game  dibanding  karna kuota   alasan   orag tua"
"1567","jelas  hambatan   jarak   komunikasi  guru     efektif   sd  belajarnya  kongkret tatap   pendampingan orang tua     maksimal  kesibukan orang tua   tugas    terkumpul  guru    tersendiri  kunjungan kerumah"
"1568","semangat     menurun susah  menyelesaikanmenyampikan   tuntas  prosentase  serius  tugas      tugas agak berat  mudah stress    menghabiskan   game  meetpun  main game"
"1569","  kendala   mendasar  dalamkehadiran google meet  "
"1570","kendala  jarak    koneksi internet hp   memadai  lingkungan rumah   kondusif"
"1571","  lama  koreksi anakanak   jujur    anak lama mengumpulkan tugas  anak   pendampingan orang tua nilainya tertinggal"
